Šifra materiala;Opis materiala;ME;Lokacija;Šarža;Zaloga;Cena na enoto
0010002;Vijak šestrobi DIN 933 M10x20 INOX A2;kos;K2-02-09;;817;0,04
0010002;Vijak šestrobi DIN 933 M10x20 INOX A2;kos;B2-4-10;;267;0,04
0010011;Ležaj kroglični 6308-ZZ;kos;B1-1-7;;28;7,25
0010017;O-tesnilo 24x2 FKM;kos;B8-2-8;;27;0,12
0010025;Olje hidravlično HLP 100;l;K3-02-14;L10-4332;289,5;2,93
0010025;Olje hidravlično HLP 100;l;K3-02-14;L18-1960;271,8;2,93
0010029;Filter olja F975;kos;B6-4-5;;24;10,86
0010029;Filter olja F975;kos;K1-01-15;;5;10,86
0010032;Olje kompresorsko VDL 46;l;K3-03-06;L01-3389;346,2;3,48
0010033;Ležaj kroglični 6000-ZZ;kos;K2-03-11;;57;13,16
0010033;Ležaj kroglični 6000-ZZ;kos;B7-3-3;;17;13,16
0010036;Ležaj kroglični 6206-ZZ;kos;K2-04-08;;9;41,21
0010045;Mast litijeva EP2;kg;B4-1-7;L08-3863;17;21,93
0010045;Mast litijeva EP2;kg;B4-1-7;L79-4026;153;21,93
0010045;Mast litijeva EP2;kg;B4-1-7;L54-2351;136;21,93
0010050;Olje hidravlično HLP 220;l;K2-01-20;L16-1559;121,2;10,78
0010050;Olje hidravlično HLP 220;l;K2-01-20;L40-7816;186,8;10,78
0010050;Olje hidravlično HLP 220;l;K2-01-20;L18-4959;0;10,78
0010055;Olje hidravlično HLP 150;l;B7-1-6;L31-0341;63,6;15,91
0010055;Olje hidravlično HLP 150;l;B7-1-6;L31-6475;67,1;15,91
0010055;Olje hidravlično HLP 150;l;B7-1-6;L25-5341;319,9;15,91
0010064;Vijak šestrobi DIN 933 M12x40 pocinkano;kos;B7-2-5;;4697;0,03
0010066;Matica DIN 934 M20 pocinkano;kos;B3-3-9;;4603;0,82
0010069;O-tesnilo 72x4 FKM;kos;B5-1-6;;348;3,90
0010075;Mast silikonska;kg;B2-2-6;L92-8327;151;11,05
0010075;Mast silikonska;kg;B2-2-6;L64-8350;19;11,05
0010075;Mast silikonska;kg;B2-2-6;L30-5641;16;11,05
0010079;Matica DIN 934 M4 INOX A4;kos;K3-04-16;;6025;0,01
0010087;Ležaj kroglični 6205-ZZ;kos;B9-5-2;;47;6,56
0010087;Ležaj kroglični 6205-ZZ;kos;B8-2-3;;42;6,56
0010089;Vijak šestrobi DIN 933 M16x100 INOX A4;kos;B4-5-7;;1553;0,73
0010089;Vijak šestrobi DIN 933 M16x100 INOX A4;kos;B4-5-5;;667;0,73
0010097;Filter hidravlični F151;kos;B1-2-6;;16;43,93
0010100;Cev silikonska fi 25 mm;m;B2-2-1;;0;1,62
0010107;O-tesnilo 105x3 FKM;kos;K2-02-20;;102;0,44
0010112;Ležaj kroglični 6000-2RS;kos;K2-04-09;;11;41,34
0010112;Ležaj kroglični 6000-2RS;kos;K1-02-19;;55;41,34
0010115;Matica DIN 934 M5 INOX A2;kos;K2-03-14;;5173;0,06
0010117;Cev PE fi 12 mm;m;B5-5-5;;133,1;1,57
0010122;Mast za ležaje NLGI 2;kg;B1-1-10;L39-5376;19;32,39
0010122;Mast za ležaje NLGI 2;kg;B1-1-10;L72-4238;130;32,39
0010122;Mast za ležaje NLGI 2;kg;B1-1-10;L84-9696;90;32,39
0010124;Ležaj kroglični 6203-ZZ;kos;B7-1-10;;42;5,89
0010133;Vijak šestrobi DIN 933 M10x80 pocinkano;kos;B3-2-9;;2358;1,37
0010133;Vijak šestrobi DIN 933 M10x80 pocinkano;kos;B3-1-10;;1717;1,37
0010138;Olje reduktorsko CLP 68;l;B2-5-5;L53-2871;137,6;15,68
0010138;Olje reduktorsko CLP 68;l;B2-5-5;L01-2269;261,9;15,68
0010143;Podložka DIN 125 M20 črno;kos;B4-1-3;;9152;0,08
0010143;Podložka DIN 125 M20 črno;kos;K2-02-09;;5150;0,08
0010149;Filter zraka H315;kos;B8-2-3;;27;48,53
0010152;Ležaj kroglični 6002-2RS;kos;B7-5-1;;52;64,23
0010152;Ležaj kroglični 6002-2RS;kos;B9-3-2;;45;64,23
0010154;Cev PVC fi 25 mm;m;K1-02-02;;47,6;1,67
0010158;Vijak šestrobi DIN 933 M8x35 INOX A4;kos;B6-4-6;;4442;0,07
0010158;Vijak šestrobi DIN 933 M8x35 INOX A4;kos;B8-1-10;;2189;0,07
0010161;Lepilo za navoje visoko trdno 10 ml;kos;B7-3-2;L16-6978;74;7,46
0010161;Lepilo za navoje visoko trdno 10 ml;kos;B7-3-2;L48-0184;6;7,46
0010161;Lepilo za navoje visoko trdno 10 ml;kos;B7-3-2;L51-4627;1;7,46
0010170;Filter hidravlični P836;kos;B5-1-2;;22;114,73
0010176;Rokavice zaščitne nitril vel. 9;par;B7-4-5;;140;3,37
0010180;Cev silikonska fi 8 mm;m;K2-02-12;;44,0;6,15
0010187;Filter hidravlični P770;kos;B5-2-9;;11;14,63
0010189;O-tesnilo 70x4 FKM;kos;B5-5-1;;106;0,12
0010192;Vijak šestrobi DIN 933 M4x20 črno;kos;K1-01-17;;1642;0,31
0010199;Mast za ležaje NLGI 2;kg;B1-1-6;L04-8281;57;6,93
0010202;Filter hidravlični P575;kos;B3-3-5;;34;5,91
0010211;Lepilo za navoje visoko trdno 50 ml;kos;K1-04-07;L48-9325;21;20,62
0010211;Lepilo za navoje visoko trdno 50 ml;kos;K1-04-07;L28-8095;61;20,62
0010211;Lepilo za navoje visoko trdno 50 ml;kos;K1-04-07;L70-1543;32;20,62
0010216;Filter hidravlični H741;kos;B6-5-3;;35;11,10
0010218;Podložka DIN 125 M6 INOX A2;kos;B5-2-10;;8990;0,04
0010226;Cev PVC fi 10 mm;m;K2-04-09;;0;12,64
0010233;Mast litijeva EP2;kg;B8-5-10;L03-9117;140;33,40
0010233;Mast litijeva EP2;kg;B8-5-10;L18-2278;57;33,40
0010241;Ležaj kroglični 6201-ZZ;kos;K3-04-15;;11;17,39
0010249;Podložka DIN 125 M4 črno;kos;B2-4-6;;7664;0,09
0010252;Vijak šestrobi DIN 933 M10x35 INOX A4;kos;B8-4-9;;3503;0,05
0010257;Trak lepilni rjav 48 mm x 66 m (6 kos);pak;B2-1-4;;84;5,86
0010259;Filter hidravlični F872;kos;B1-3-1;;31;5,54
0010261;Lepilo za navoje srednje trdno 50 ml;kos;B4-3-2;L24-8963;21;24,56
0010261;Lepilo za navoje srednje trdno 50 ml;kos;B4-3-2;L83-4657;14;24,56
0010261;Lepilo za navoje srednje trdno 50 ml;kos;B4-3-2;L87-1331;40;24,56
0010268;Cev PU fi 6 mm;m;B5-5-9;;141,1;5,69
0010270;Filter hidravlični F455;kos;B2-3-1;;27;29,51
0010278;Matica DIN 934 M16 INOX A4;kos;B4-1-7;;5428;0,17
0010283;Lepilo za navoje nizko trdno 50 ml;kos;K2-04-17;L50-9839;12;15,31
0010288;Mast litijeva EP2;kg;K3-04-15;L30-1031;84;21,67
0010291;Mast litijeva EP2;kg;B6-4-7;L05-1834;143;8,89
0010291;Mast litijeva EP2;kg;B6-4-7;L73-8299;0;8,89
0010291;Mast litijeva EP2;kg;B6-4-7;L73-7631;22;8,89
0010295;Senzor induktivni M18 PNP;kos;B1-2-8;;178;10,72
0010299;O-tesnilo 89x4 FKM;kos;B9-4-6;;185;0,54
0010307;O-tesnilo 44x2,5 NBR;kos;B3-3-3;;358;0,13
0010310;Ležaj kroglični 6004-ZZ;kos;K2-01-08;;54;8,72
0010314;O-tesnilo 34x2,5 NBR;kos;B3-3-10;L16-5667;362;0,27
0010317;Rokavice zaščitne usnjene vel. 7;par;K1-02-11;;62;11,68
0010322;Krpe čistilne bombažne (10 kg);pak;K1-03-14;;20;1,76
0010322;Krpe čistilne bombažne (10 kg);pak;B2-3-6;;39;1,76
0010324;Ležaj kroglični 6001-ZZ;kos;B5-4-2;;59;25,90
0010332;O-tesnilo 115x4 FKM;kos;K3-01-15;;395;0,27
0010336;Rokavice zaščitne nitril vel. 9;par;B4-3-8;;428;5,67
0010344;Kontaktor 11 kW 230 V;kos;K1-01-15;;68;1,73
0010348;Cev PVC fi 10 mm;m;B3-5-6;;63,9;6,84
0010353;Mast litijeva EP2;kg;B9-2-3;L01-0651;113;11,49
0010353;Mast litijeva EP2;kg;B9-2-3;L33-3872;11;11,49
0010353;Mast litijeva EP2;kg;B9-2-3;L62-4731;83;11,49
0010358;Vijak šestrobi DIN 933 M5x20 pocinkano;kos;B6-3-6;;1485;1,80
0010366;Olje kompresorsko VDL 100;l;K2-04-10;L78-1080;193,5;16,03
0010366;Olje kompresorsko VDL 100;l;K2-04-10;L13-2677;137,5;16,03
0010372;Rokavice zaščitne nitril vel. 8;par;B6-5-6;;573;1,84
0010373;Mast litijeva EP2;kg;B9-2-4;L36-0260;139;8,12
0010381;Cev PVC fi 10 mm;m;K1-04-01;;42,6;4,46
0010386;Olje hidravlično HLP 68;l;B3-3-5;L64-7468;99,0;6,08
0010386;Olje hidravlično HLP 68;l;B3-3-5;L72-3430;128,2;6,08
0010386;Olje hidravlično HLP 68;l;B3-3-5;L98-0500;227,2;6,08
0010393;Matica DIN 934 M8 pocinkano;kos;B4-1-8;;5878;0,08
0010393;Matica DIN 934 M8 pocinkano;kos;K1-04-01;;3968;0,08
0010397;Mast silikonska;kg;K3-01-04;L97-8820;71;5,54
0010404;Kabel NYY-J 3x2,5 mm2;m;B7-1-6;;402,1;7,22
0010407;Mast silikonska;kg;K2-02-07;L81-2191;179;11,90
0010407;Mast silikonska;kg;K2-02-07;L36-1939;99;11,90
0010411;Krpe čistilne bombažne (10 kg);pak;B8-5-1;;106;1,39
0010414;Mast litijeva EP2;kg;B7-4-10;L90-9169;117;5,31
0010414;Mast litijeva EP2;kg;B7-4-10;L98-5435;0;5,31
0010417;Cev PU fi 6 mm;m;B7-5-7;;17,4;3,79
0010423;Krpe čistilne bombažne (10 kg);pak;K1-03-10;;9;29,98
0010427;Rokavice zaščitne protiurezne vel. 9;par;B9-5-5;;112;17,84
0010435;Podložka DIN 125 M10 pocinkano;kos;B7-1-1;;4100;0,01
0010444;Cev PU fi 8 mm;m;B8-5-2;;120,4;1,43
0010447;Ležaj kroglični 6205-ZZ;kos;K1-02-07;;11;15,96
0010449;Mast za ležaje NLGI 2;kg;B9-4-5;L34-6247;51;36,96
0010449;Mast za ležaje NLGI 2;kg;B9-4-5;L51-0799;124;36,96
0010451;Ležaj kroglični 6204-ZZ;kos;B7-1-3;;26;23,34
0010456;Vijak šestrobi DIN 933 M4x60 črno;kos;B5-4-6;;1607;0,85
0010461;Rokavice zaščitne protiurezne vel. 8;par;K3-03-12;;44;5,08
0010467;Senzor induktivni M12 PNP;kos;K2-02-03;;43;0,98
0010467;Senzor induktivni M12 PNP;kos;B8-3-5;;124;0,98
0010472;Varovalka 32 A gG;kos;B9-1-7;;94;0,82
0010474;Filter olja F370;kos;K3-04-19;;25;29,89
0010480;Matica DIN 934 M8 črno;kos;K2-03-05;;5405;0,01
0010482;Rokavice zaščitne usnjene vel. 9;par;B1-5-7;;109;5,46
0010482;Rokavice zaščitne usnjene vel. 9;par;B1-4-9;;407;5,46
0010490;Kabel NYY-J 4x1,5 mm2;m;B9-3-5;;335,3;3,06
0010495;Vijak šestrobi DIN 933 M12x20 črno;kos;B8-3-2;;4510;0,15
0010501;Vijak šestrobi DIN 933 M16x25 INOX A2;kos;K1-01-16;;4941;1,56
0010502;Vijak šestrobi DIN 933 M12x20 INOX A2;kos;K2-02-18;;1958;0,69
0010508;Filter zraka P102;kos;B3-4-4;;8;12,60
0010509;Podložka DIN 125 M4 INOX A4;kos;B7-4-2;;2176;0,18
0010516;Olje hidravlično HLP 220;l;B8-3-1;L11-8384;91,7;2,84
0010517;Varovalka 32 A gG;kos;B9-2-2;;183;0,55
0010525;Matica DIN 934 M5 INOX A4;kos;B6-4-2;;2763;0,15
0010525;Matica DIN 934 M5 INOX A4;kos;K3-02-10;;2515;0,15
0010533;Olje kompresorsko VDL 100;l;K3-04-01;L25-1354;89,0;3,06
0010533;Olje kompresorsko VDL 100;l;K3-04-01;L27-8498;364,7;3,06
0010533;Olje kompresorsko VDL 100;l;K3-04-01;L08-4124;139,8;3,06
0010541;Cev silikonska fi 6 mm;m;B6-2-2;;98,1;2,25
0010543;Matica DIN 934 M5 pocinkano;kos;B8-4-2;;4904;0,07
0010552;Olje reduktorsko CLP 220;l;K3-04-12;L11-8244;296,3;3,20
0010552;Olje reduktorsko CLP 220;l;K3-04-12;L93-5348;118,8;3,20
0010557;Kabel NYM-J 5x2,5 mm2;m;K1-03-04;;456,6;2,27
0010563;Matica DIN 934 M10 INOX A2;kos;K3-02-07;;315;0,38
0010568;Vijak šestrobi DIN 933 M6x25 INOX A4;kos;B4-4-6;;3333;1,26
0010570;Podložka DIN 125 M4 pocinkano;kos;B9-3-10;;5205;0,16
0010576;Filter hidravlični P186;kos;K3-02-03;;29;94,91
0010583;Mast silikonska;kg;K1-04-15;L74-0164;174;10,82
0010583;Mast silikonska;kg;K1-04-15;L00-5242;125;10,82
0010592;Rokavice zaščitne usnjene vel. 7;par;B2-1-7;;226;1,27
0010595;Filter olja H435;kos;B9-5-1;;15;7,46
0010604;Olje kompresorsko VDL 68;l;B1-5-4;L78-6801;354,1;2,89
0010604;Olje kompresorsko VDL 68;l;B1-5-4;L12-8059;176,8;2,89
0010611;Senzor induktivni M8 PNP;kos;K3-02-03;;93;0,44
0010613;Cev PVC fi 10 mm;m;B2-4-1;;70,5;3,39
0010617;Kabel H07RN-F 2x0,75 mm2;m;K1-04-13;;121,9;2,30
0010617;Kabel H07RN-F 2x0,75 mm2;m;B4-5-9;;162,6;2,30
0010620;Lepilo za navoje srednje trdno 250 ml;kos;K3-02-14;L82-6204;58;6,98
0010620;Lepilo za navoje srednje trdno 250 ml;kos;K3-02-14;L50-5331;73;6,98
0010620;Lepilo za navoje srednje trdno 250 ml;kos;K3-02-14;L58-6923;80;6,98
0010626;Vezice kabelske 4,8x200 mm (100 kos);pak;K1-01-03;;8;2,00
0010626;Vezice kabelske 4,8x200 mm (100 kos);pak;K3-02-17;;60;2,00
0010634;Vijak šestrobi DIN 933 M4x30 INOX A4;kos;B2-5-3;;3840;0,03
0010643;Filter hidravlični F560;kos;B4-5-3;;10;103,40
0010644;Mast litijeva EP2;kg;B2-4-7;L22-6025;113;24,83
0010652;Olje kompresorsko VDL 150;l;B6-4-10;L63-4216;22,4;3,45
0010652;Olje kompresorsko VDL 150;l;B6-4-10;L07-3375;266,1;3,45
0010658;Matica DIN 934 M12 pocinkano;kos;B6-1-9;;7524;0,12
0010661;Kabel NYM-J 5x2,5 mm2;m;B7-2-8;;322,0;4,05
0010664;Lepilo za navoje nizko trdno 10 ml;kos;B7-4-7;L43-3036;68;11,20
0010664;Lepilo za navoje nizko trdno 10 ml;kos;B7-4-7;L54-1458;55;11,20
0010664;Lepilo za navoje nizko trdno 10 ml;kos;B7-4-7;L68-5014;3;11,20
0010670;O-tesnilo 28x2 FKM;kos;B5-4-2;;156;3,64
0010672;Olje kompresorsko VDL 220;l;B7-5-5;L29-4019;75,0;15,01
0010672;Olje kompresorsko VDL 220;l;B7-5-5;L65-5698;316,8;15,01
0010672;Olje kompresorsko VDL 220;l;K3-02-03;L16-9340;18,8;15,01
0010679;Kabel H07RN-F 4x1,5 mm2;m;K1-01-10;;385,2;3,33
0010683;Kabel NYY-J 4x1,5 mm2;m;B8-5-2;;133,7;1,92
0010687;Filter hidravlični F993;kos;B8-4-1;;34;11,50
0010689;O-tesnilo 15x2 FKM;kos;B9-5-8;L60-8835;183;0,49
0010690;Cev PVC fi 20 mm;m;B2-4-4;;21,2;4,22
0010696;Filter zraka F139;kos;B3-5-3;;40;13,01
0010697;Matica DIN 934 M4 INOX A4;kos;K3-01-14;;2046;0,03
0010697;Matica DIN 934 M4 INOX A4;kos;K2-01-11;;3539;0,03
0010705;Matica DIN 934 M5 črno;kos;K1-04-18;;3616;0,15
0010705;Matica DIN 934 M5 črno;kos;K2-03-19;;4774;0,15
0010712;Podložka DIN 125 M5 INOX A4;kos;K1-04-10;;433;0,01
0010719;Krpe čistilne bombažne (10 kg);pak;B8-4-3;;0;1,39
0010721;Kabel H07RN-F 5x4 mm2;m;K2-04-06;;278,3;3,95
0010721;Kabel H07RN-F 5x4 mm2;m;B7-5-1;;381,6;3,95
0010729;Rokavice zaščitne nitril vel. 8;par;K1-01-19;;214;0,74
0010730;Kabel LiYCY 5x2,5 mm2;m;K1-02-15;;157,5;1,52
0010735;Kabel NYM-J 7x1,5 mm2;m;B8-3-7;;361,2;3,93
0010742;Kabel H07RN-F 4x1,5 mm2;m;K2-01-02;;348,7;4,50
0010744;Cev PU fi 12 mm;m;K3-04-07;;88,2;2,32
0010744;Cev PU fi 12 mm;m;B7-1-3;;92,5;2,32
0010745;Varovalka 32 A gG;kos;B8-3-3;;41;0,59
0010746;Podložka DIN 125 M20 pocinkano;kos;K3-03-11;;9393;0,02
0010747;Lepilo za navoje srednje trdno 250 ml;kos;K1-01-05;L61-5951;47;14,85
0010747;Lepilo za navoje srednje trdno 250 ml;kos;K1-01-05;L48-4656;36;14,85
0010747;Lepilo za navoje srednje trdno 250 ml;kos;K1-01-05;L48-2366;15;14,85
0010748;Varovalka 4 A gG;kos;K1-01-07;;178;1,52
0010756;Ležaj kroglični 6001-2RS;kos;K1-01-06;;55;58,44
0010762;Rokavice zaščitne usnjene vel. 7;par;B7-1-8;;188;3,90
0010768;Olje hidravlično HLP 32;l;B5-5-3;L29-9468;235,4;18,44
0010774;Mast silikonska;kg;B2-2-8;L04-4369;135;5,36
0010774;Mast silikonska;kg;B2-2-8;L95-7773;105;5,36
0010774;Mast silikonska;kg;B2-2-8;L87-2148;19;5,36
0010777;Kabel NYM-J 4x1,5 mm2;m;B3-4-2;;482,5;1,95
0010780;Filter zraka H614;kos;B3-3-8;;21;103,97
0010780;Filter zraka H614;kos;K2-01-01;;34;103,97
0010785;Trak lepilni rjav 48 mm x 66 m (6 kos);pak;K2-02-15;;79;2,79
0010794;Matica DIN 934 M6 INOX A2;kos;K3-01-10;;437;0,02
0010795;Matica DIN 934 M4 INOX A4;kos;B9-3-7;;7382;0,19
0010804;O-tesnilo 87x2,5 FKM;kos;B9-2-6;L95-1343;85;0,21
0010812;Cev silikonska fi 25 mm;m;B7-3-1;;71,7;1,57
0010819;Podložka DIN 125 M12 pocinkano;kos;B6-3-4;;929;0,03
0010824;Cev silikonska fi 10 mm;m;B7-4-6;;39,8;19,44
0010827;Mast silikonska;kg;K1-03-20;L32-0037;62;11,44
0010827;Mast silikonska;kg;K1-03-20;L91-7693;91;11,44
0010828;Vijak šestrobi DIN 933 M10x40 črno;kos;B3-2-1;;3046;0,07
0010828;Vijak šestrobi DIN 933 M10x40 črno;kos;B9-5-2;;3331;0,07
0010829;Lepilo za navoje nizko trdno 10 ml;kos;B8-5-6;L67-6320;80;12,46
0010829;Lepilo za navoje nizko trdno 10 ml;kos;B8-5-6;L16-3287;16;12,46
0010829;Lepilo za navoje nizko trdno 10 ml;kos;B8-5-6;L08-3172;13;12,46
0010836;Kabel LiYCY 5x2,5 mm2;m;B5-1-4;;33,9;11,18
0010837;Vijak šestrobi DIN 933 M6x100 INOX A4;kos;B4-1-3;;2736;0,75
0010843;Podložka DIN 125 M16 INOX A4;kos;K1-04-12;;5011;0,09
0010851;Trak lepilni rjav 48 mm x 66 m (6 kos);pak;B9-3-7;;93;4,16
0010852;Lepilo za navoje visoko trdno 50 ml;kos;K2-04-03;L78-8957;62;42,11
0010852;Lepilo za navoje visoko trdno 50 ml;kos;K2-04-03;L98-6872;80;42,11
0010852;Lepilo za navoje visoko trdno 50 ml;kos;K2-04-03;L77-4348;49;42,11
0010855;Folija raztezna 23 my (6 rol);pak;B3-2-3;;54;1,33
0010858;Cev PU fi 20 mm;m;K1-02-13;;13,7;4,22
0010861;Olje hidravlično HLP 150;l;K2-01-09;L73-4714;219,3;4,83
0010867;Olje reduktorsko CLP 220;l;K3-03-09;L34-5581;79,7;11,97
0010867;Olje reduktorsko CLP 220;l;K3-03-09;L22-3623;115,2;11,97
0010876;O-tesnilo 33x2,5 FKM;kos;K1-03-11;;374;1,37
0010881;O-tesnilo 20x4 EPDM;kos;B9-1-5;;79;0,71
0010886;Vijak šestrobi DIN 933 M10x100 pocinkano;kos;B6-2-3;;4462;0,10
0010891;Olje kompresorsko VDL 68;l;K2-04-11;L16-6587;218,5;3,30
0010895;Rokavice zaščitne nitril vel. 7;par;K1-02-14;;15;0,84
0010904;Podložka DIN 125 M16 črno;kos;B6-5-5;;1565;0,06
0010908;Olje kompresorsko VDL 220;l;B4-3-10;L60-3669;15,8;14,03
0010908;Olje kompresorsko VDL 220;l;B9-3-8;L09-6705;77,3;14,03
0010908;Olje kompresorsko VDL 220;l;B9-3-8;L46-6889;395,0;14,03
0010913;Vijak šestrobi DIN 933 M4x25 pocinkano;kos;K1-01-16;;4096;1,30
0010916;Krpe čistilne bombažne (10 kg);pak;B7-4-9;;33;3,01
0010919;Vijak šestrobi DIN 933 M12x25 INOX A2;kos;B9-2-6;;760;0,04
0010926;Rokavice zaščitne nitril vel. 8;par;B6-1-5;;467;16,91
0010931;Kabel LiYCY 5x2,5 mm2;m;K3-03-20;;97,8;5,04
0010931;Kabel LiYCY 5x2,5 mm2;m;B8-2-9;;412,6;5,04
0010936;Kontaktor 7,5 kW 230 V;kos;B4-1-7;;107;1,22
0010936;Kontaktor 7,5 kW 230 V;kos;K1-01-16;;194;1,22
0010945;Filter hidravlični F880;kos;B2-4-4;;24;11,40
0010947;Lepilo za navoje srednje trdno 10 ml;kos;B5-1-8;L37-3467;67;31,87
0010955;Matica DIN 934 M8 črno;kos;B2-1-7;;3842;0,02
0010956;Olje reduktorsko CLP 220;l;B9-1-6;L06-5627;237,8;12,84
0010958;Vijak šestrobi DIN 933 M16x30 pocinkano;kos;B2-3-1;;1159;0,23
0010958;Vijak šestrobi DIN 933 M16x30 pocinkano;kos;K1-02-14;;3493;0,23
0010964;Cev silikonska fi 20 mm;m;K3-04-08;;72,2;2,78
0010966;Podložka DIN 125 M16 INOX A2;kos;B1-1-4;;7685;0,15
0010975;Cev silikonska fi 10 mm;m;B6-4-3;;24,1;1,82
0010976;Filter hidravlični H729;kos;B1-2-7;;39;64,21
0010977;Mast silikonska;kg;B6-1-1;L29-8069;139;18,16
0010977;Mast silikonska;kg;B6-1-1;L90-1627;15;18,16
0010980;Olje reduktorsko CLP 46;l;B7-3-7;L20-4653;98,0;13,08
0010980;Olje reduktorsko CLP 46;l;B7-3-7;L75-5646;59,6;13,08
0010980;Olje reduktorsko CLP 46;l;B7-3-7;L41-7080;214,5;13,08
0010984;Cev PE fi 12 mm;m;B4-3-10;;102,5;0,98
0010985;Kabel H05VV-F 7x1,5 mm2;m;B9-2-9;;441,6;2,42
0010993;Ležaj kroglični 6004-ZZ;kos;K1-02-05;;36;59,36
0010993;Ležaj kroglični 6004-ZZ;kos;B2-1-10;;17;59,36
0010997;Kabel NYM-J 4x1,5 mm2;m;B4-5-6;;494,9;7,97
0010997;Kabel NYM-J 4x1,5 mm2;m;B2-1-3;;482,3;7,97
0011006;Ležaj kroglični 6205-2RS;kos;B1-2-6;;48;61,74
0011008;Kontaktor 11 kW 230 V;kos;B7-3-10;;137;3,01
0011014;O-tesnilo 38x2,5 EPDM;kos;K1-02-11;;109;2,81
0011020;Kabel H05VV-F 2x0,75 mm2;m;B3-5-10;;479,4;2,79
0011027;O-tesnilo 24x2 FKM;kos;B6-1-2;;355;0,20
0011033;O-tesnilo 102x3 EPDM;kos;B4-3-3;;76;1,06
0011042;Mast litijeva EP2;kg;K3-03-08;L53-1003;20;31,52
0011042;Mast litijeva EP2;kg;K3-03-08;L30-9232;172;31,52
0011042;Mast litijeva EP2;kg;K3-03-08;L71-9374;2;31,52
0011049;Podložka DIN 125 M8 pocinkano;kos;K1-04-08;;8016;0,14
0011049;Podložka DIN 125 M8 pocinkano;kos;K1-01-17;;0;0,14
0011058;Olje reduktorsko CLP 32;l;K2-01-19;L52-9912;286,8;2,59
0011065;Filter zraka F198;kos;K3-02-05;;18;28,70
0011072;Matica DIN 934 M12 črno;kos;B5-4-2;;760;0,08
0011073;Matica DIN 934 M16 črno;kos;K3-03-03;;4194;0,05
0011080;Rokavice zaščitne usnjene vel. 11;par;K2-01-11;;590;16,66
0011088;O-tesnilo 10x1,5 EPDM;kos;K2-03-08;;166;3,33
0011089;Ležaj kroglični 6305-2RS;kos;B9-1-8;;37;41,93
0011093;Lepilo za navoje visoko trdno 250 ml;kos;B3-5-4;L41-9049;65;36,53
0011093;Lepilo za navoje visoko trdno 250 ml;kos;B3-5-4;L66-3193;45;36,53
0011093;Lepilo za navoje visoko trdno 250 ml;kos;B3-5-4;L14-9190;56;36,53
0011097;Trak lepilni rjav 48 mm x 66 m (6 kos);pak;K2-04-20;;4;3,79
0011102;Filter olja H333;kos;B9-5-3;;25;16,36
0011104;Filter hidravlični H917;kos;B6-3-5;;10;11,37
0011104;Filter hidravlični H917;kos;B4-1-8;;7;11,37
0011106;Vijak šestrobi DIN 933 M10x40 INOX A4;kos;B2-4-10;;4247;0,62
0011106;Vijak šestrobi DIN 933 M10x40 INOX A4;kos;B4-5-2;;2949;0,62
0011115;Matica DIN 934 M12 črno;kos;B2-4-7;;2088;0,01
0011124;Podložka DIN 125 M16 INOX A2;kos;K1-03-15;;4621;0,02
0011131;O-tesnilo 66x1,5 FKM;kos;K3-02-11;;239;0,22
0011133;Podložka DIN 125 M10 pocinkano;kos;K3-02-06;;7312;0,33
0011139;Cev PU fi 12 mm;m;B5-1-6;;82,5;2,32
0011145;O-tesnilo 99x3 EPDM;kos;B6-4-8;;63;1,87
0011149;Lepilo za navoje nizko trdno 10 ml;kos;K1-02-03;L58-6518;38;23,70
0011151;Krpe čistilne bombažne (10 kg);pak;B7-2-1;;55;11,61
0011151;Krpe čistilne bombažne (10 kg);pak;B5-5-8;;77;11,61
0011159;Lepilo za navoje visoko trdno 250 ml;kos;B9-3-9;L50-6716;69;16,65
0011159;Lepilo za navoje visoko trdno 250 ml;kos;B9-3-9;L57-2628;11;16,65
0011161;Filter zraka P780;kos;B1-5-6;;26;16,32
0011167;Filter olja F110;kos;K2-01-02;;15;6,94
0011175;Kabel H05VV-F 4x1,5 mm2;m;K1-04-03;;396,4;6,05
0011177;O-tesnilo 58x1,5 NBR;kos;B8-1-7;;110;2,28
0011186;Mast za ležaje NLGI 2;kg;K1-01-14;L49-8776;30;11,68
0011186;Mast za ležaje NLGI 2;kg;K1-01-14;L94-5314;88;11,68
0011188;Rokavice zaščitne nitril vel. 8;par;B7-4-9;;247;3,47
0011195;Rokavice zaščitne nitril vel. 8;par;B1-3-10;;470;5,30
0011202;Cev PVC fi 10 mm;m;B2-2-5;;110,9;1,58
0011205;Kabel LiYCY 3x1,5 mm2;m;K1-03-12;;490,0;1,89
0011212;Lepilo za navoje visoko trdno 250 ml;kos;K1-01-19;L73-7996;39;7,55
0011212;Lepilo za navoje visoko trdno 250 ml;kos;K1-01-19;L50-7527;76;7,55
0011212;Lepilo za navoje visoko trdno 250 ml;kos;K1-01-19;L35-4549;18;7,55
0011218;Matica DIN 934 M8 INOX A4;kos;B3-5-5;;1229;0,02
0011225;Cev PU fi 25 mm;m;K3-03-11;;35,1;6,57
0011233;O-tesnilo 22x2 FKM;kos;B8-2-8;;104;2,38
0011240;Olje kompresorsko VDL 220;l;B9-3-6;L48-0831;34,8;6,82
0011240;Olje kompresorsko VDL 220;l;B9-3-6;L36-7837;326,9;6,82
0011244;O-tesnilo 9x2,5 NBR;kos;K1-01-19;;258;0,70
0011253;Olje hidravlično HLP 150;l;B8-3-6;L77-0143;181,7;3,15
0011262;Ležaj kroglični 6204-2RS;kos;B6-1-4;;29;39,74
0011267;Kabel NYM-J 4x1,5 mm2;m;B5-5-3;;288,2;8,52
0011267;Kabel NYM-J 4x1,5 mm2;m;B5-2-5;;351,7;8,52
0011270;Lepilo za navoje srednje trdno 10 ml;kos;K2-03-14;L63-4957;22;30,91
0011270;Lepilo za navoje srednje trdno 10 ml;kos;K2-03-14;L88-5685;38;30,91
0011275;Lepilo za navoje visoko trdno 250 ml;kos;B2-5-8;L57-4443;36;43,70
0011275;Lepilo za navoje visoko trdno 250 ml;kos;B2-5-8;L13-5182;17;43,70
0011278;Ležaj kroglični 6002-ZZ;kos;B9-1-3;;18;53,93
0011285;Cev silikonska fi 6 mm;m;B2-5-6;;143,2;6,53
0011291;Mast za ležaje NLGI 2;kg;B2-5-6;L33-7498;17;8,36
0011291;Mast za ležaje NLGI 2;kg;B2-5-6;L94-1343;102;8,36
0011291;Mast za ležaje NLGI 2;kg;B2-5-6;L52-4082;110;8,36
0011291;Mast za ležaje NLGI 2;kg;K1-01-20;L40-0842;73;8,36
0011291;Mast za ležaje NLGI 2;kg;K1-01-20;L71-0947;148;8,36
0011294;Lepilo za navoje visoko trdno 50 ml;kos;B1-5-8;L77-5204;0;36,36
0011294;Lepilo za navoje visoko trdno 50 ml;kos;B1-5-8;L71-1671;21;36,36
0011302;Mast litijeva EP2;kg;B3-4-6;L90-2294;71;37,31
0011302;Mast litijeva EP2;kg;B3-4-6;L13-1869;93;37,31
0011307;Matica DIN 934 M12 INOX A2;kos;B5-4-10;;879;0,01
0011308;Ležaj kroglični 6205-2RS;kos;K1-01-06;;53;5,42
0011310;Krpe čistilne bombažne (10 kg);pak;B5-4-5;;14;12,47
0011312;Kabel LiYCY 3x2,5 mm2;m;B3-4-7;;57,0;0,58
0011321;Lepilo za navoje srednje trdno 250 ml;kos;B5-2-9;L99-3867;79;22,23
0011329;Folija raztezna 23 my (6 rol);pak;B3-3-7;;55;1,61
0011329;Folija raztezna 23 my (6 rol);pak;K2-04-14;;36;1,61
0011331;Ležaj kroglični 6206-ZZ;kos;K3-04-05;;39;45,80
0011340;Ležaj kroglični 6204-ZZ;kos;B5-5-6;;32;29,54
0011342;Olje hidravlično HLP 68;l;K2-03-13;L74-9649;193,9;16,62
0011342;Olje hidravlično HLP 68;l;K2-03-13;L90-9133;316,5;16,62
0011342;Olje hidravlično HLP 68;l;K2-03-13;L41-2328;241,5;16,62
0011342;Olje hidravlično HLP 68;l;B9-4-1;L12-0679;378,8;16,62
0011342;Olje hidravlično HLP 68;l;B9-4-1;L74-0344;324,2;16,62
0011349;Olje reduktorsko CLP 220;l;B9-4-4;L71-3493;221,2;10,61
0011352;O-tesnilo 15x2,5 NBR;kos;B4-1-10;;329;0,63
0011354;O-tesnilo 94x3 EPDM;kos;B6-1-1;L61-8324;318;3,73
0011354;O-tesnilo 94x3 EPDM;kos;B6-1-1;L21-0249;163;3,73
0011357;Matica DIN 934 M4 INOX A2;kos;B8-1-6;;6004;0,23
0011362;Podložka DIN 125 M12 INOX A2;kos;B3-3-1;;7134;0,16
0011367;Olje hidravlično HLP 68;l;B2-3-9;L94-7174;205,6;10,60
0011367;Olje hidravlično HLP 68;l;B2-3-9;L64-8877;69,3;10,60
0011367;Olje hidravlično HLP 68;l;B2-3-9;L19-0659;105,4;10,60
0011369;Lepilo za navoje nizko trdno 250 ml;kos;B1-1-3;L40-1399;61;7,57
0011375;Cev PU fi 8 mm;m;K2-02-17;;135,2;17,51
0011382;Ležaj kroglični 6203-2RS;kos;B6-3-8;;8;13,83
0011391;Rokavice zaščitne nitril vel. 8;par;B1-5-8;;486;1,28
0011396;Filter olja H188;kos;B5-1-6;;40;31,58
0011396;Filter olja H188;kos;B6-5-9;;32;31,58
0011400;Senzor induktivni M8 PNP;kos;K3-03-02;;86;0,45
0011401;Filter hidravlični H969;kos;B5-2-1;;32;58,49
0011402;Podložka DIN 125 M10 pocinkano;kos;K2-01-03;;7611;0,01
0011404;Lepilo za navoje srednje trdno 250 ml;kos;B2-3-7;L04-9027;17;7,85
0011408;O-tesnilo 38x2,5 FKM;kos;B7-3-6;;108;1,35
0011411;Filter hidravlični F259;kos;B7-3-2;;14;7,11
0011419;O-tesnilo 64x2,5 NBR;kos;B7-2-2;;25;0,12
0011423;Vezice kabelske 4,8x200 mm (100 kos);pak;B8-2-5;;39;1,98
0011428;Folija raztezna 23 my (6 rol);pak;K1-01-14;;13;1,33
0011436;Matica DIN 934 M6 pocinkano;kos;B5-3-8;;3149;0,01
0011438;Lepilo za navoje nizko trdno 50 ml;kos;B2-2-7;L87-4296;12;38,10
0011438;Lepilo za navoje nizko trdno 50 ml;kos;B2-2-7;L71-7565;43;38,10
0011438;Lepilo za navoje nizko trdno 50 ml;kos;B5-1-3;L51-2567;74;38,10
0011438;Lepilo za navoje nizko trdno 50 ml;kos;B5-1-3;L46-8071;51;38,10
0011446;Vijak šestrobi DIN 933 M16x80 črno;kos;B4-5-2;;1267;0,04
0011447;Lepilo za navoje nizko trdno 250 ml;kos;B9-3-2;L54-5168;36;9,85
0011447;Lepilo za navoje nizko trdno 250 ml;kos;B9-3-2;L08-7603;54;9,85
0011451;Rokavice zaščitne protiurezne vel. 8;par;B1-2-10;;377;5,13
0011459;Olje reduktorsko CLP 68;l;B8-5-8;L85-9770;90,7;15,92
0011460;Filter olja F928;kos;K2-04-09;;7;136,10
0011464;Rokavice zaščitne nitril vel. 9;par;B2-1-8;;599;3,69
0011471;Kabel H07RN-F 3x1,5 mm2;m;B8-2-8;;289,0;0,84
0011474;Lepilo za navoje srednje trdno 50 ml;kos;B1-4-9;L34-8247;3;17,89
0011483;Mast litijeva EP2;kg;B3-4-4;L71-0932;83;8,44
0011484;Vijak šestrobi DIN 933 M6x60 INOX A2;kos;B8-3-4;;3290;0,65
0011486;Kabel LiYCY 3x2,5 mm2;m;B9-5-8;;260,9;0,58
0011489;Kontaktor 7,5 kW 230 V;kos;B7-1-2;;180;2,75
0011496;Trak lepilni rjav 48 mm x 66 m (6 kos);pak;K3-01-17;;120;2,22
0011504;Podložka DIN 125 M12 pocinkano;kos;B4-3-2;;5600;0,02
0011512;Vijak šestrobi DIN 933 M10x20 INOX A2;kos;B3-2-1;;3639;0,45
0011519;Podložka DIN 125 M16 črno;kos;B8-4-5;;9570;0,26
0011523;Podložka DIN 125 M20 pocinkano;kos;B1-3-1;;5700;0,19
0011523;Podložka DIN 125 M20 pocinkano;kos;B7-3-7;;1328;0,19
0011532;Matica DIN 934 M12 črno;kos;K3-03-20;;1386;0,24
0011533;Matica DIN 934 M12 INOX A2;kos;K2-02-18;;2273;0,80
0011538;O-tesnilo 35x1,5 NBR;kos;K1-03-13;L48-0861;0;0,39
0011538;O-tesnilo 35x1,5 NBR;kos;K1-03-13;L31-7127;343;0,39
0011546;Ležaj kroglični 6001-2RS;kos;B2-4-4;;51;6,93
0011553;Mast za ležaje NLGI 2;kg;K3-03-08;L48-4677;98;29,99
0011559;Podložka DIN 125 M20 pocinkano;kos;B5-4-2;;2576;0,03
0011561;Matica DIN 934 M12 črno;kos;K2-02-17;;4380;0,79
0011568;Olje kompresorsko VDL 100;l;B7-1-7;L37-8263;234,9;7,99
0011568;Olje kompresorsko VDL 100;l;B7-1-7;L98-2146;328,8;7,99
0011568;Olje kompresorsko VDL 100;l;B7-1-7;L58-4044;255,0;7,99
0011571;Matica DIN 934 M20 INOX A2;kos;B5-2-7;;3568;0,72
0011573;Rokavice zaščitne usnjene vel. 8;par;K2-04-20;;78;17,83
0011575;Cev silikonska fi 16 mm;m;B1-2-3;;108,0;13,68
0011582;Matica DIN 934 M16 INOX A2;kos;B3-1-3;;927;0,02
0011587;Vezice kabelske 4,8x200 mm (100 kos);pak;K3-04-01;;5;23,18
0011590;O-tesnilo 56x2 EPDM;kos;B1-4-10;;358;0,93
0011594;Vijak šestrobi DIN 933 M20x25 INOX A4;kos;B7-2-1;;854;0,02
0011598;Podložka DIN 125 M10 črno;kos;B9-3-7;;7337;0,17
0011602;Krpe čistilne bombažne (10 kg);pak;B8-4-3;;21;14,61
0011604;O-tesnilo 95x4 FKM;kos;K2-03-13;L99-7278;107;0,14
0011605;Ležaj kroglični 6000-ZZ;kos;B5-1-4;;33;4,14
0011612;Rokavice zaščitne nitril vel. 7;par;K1-01-07;;574;1,37
0011618;Kabel H07RN-F 7x1,5 mm2;m;B2-5-3;;134,4;9,49
0011622;Folija raztezna 23 my (6 rol);pak;B6-3-6;;111;10,65
0011623;Mast litijeva EP2;kg;B1-1-9;L75-5886;79;17,18
0011623;Mast litijeva EP2;kg;B1-1-9;L75-3396;165;17,18
0011623;Mast litijeva EP2;kg;B1-1-9;L36-0576;97;17,18
0011629;Mast za ležaje NLGI 2;kg;K2-01-04;L62-7028;2;6,54
0011629;Mast za ležaje NLGI 2;kg;K2-01-04;L95-1718;170;6,54
0011635;Olje kompresorsko VDL 150;l;B3-2-1;L70-2621;263,3;8,60
0011635;Olje kompresorsko VDL 150;l;B3-2-1;L74-5961;114,4;8,60
0011640;Rokavice zaščitne protiurezne vel. 9;par;B5-5-7;;423;1,14
0011646;Rokavice zaščitne nitril vel. 7;par;B6-2-6;;46;5,58
0011650;Kabel H07RN-F 5x4 mm2;m;K3-04-18;;140,2;2,52
0011659;Podložka DIN 125 M10 pocinkano;kos;K2-03-03;;5599;0,06
0011661;Ležaj kroglični 6203-2RS;kos;B7-4-10;;30;40,83
0011663;Mast litijeva EP2;kg;K3-02-06;L58-6578;175;28,13
0011670;Olje reduktorsko CLP 100;l;B3-5-1;L09-1343;234,2;2,79
0011670;Olje reduktorsko CLP 100;l;B3-5-1;L16-1172;188,4;2,79
0011673;Kabel H07RN-F 7x1,5 mm2;m;B4-4-2;;371,3;0,47
0011678;Ležaj kroglični 6002-2RS;kos;B2-5-1;;28;17,62
0011685;Cev silikonska fi 20 mm;m;B8-4-3;;109,7;0,81
0011689;Vijak šestrobi DIN 933 M4x80 INOX A2;kos;B7-2-10;;4872;0,06
0011694;Podložka DIN 125 M5 pocinkano;kos;K2-01-03;;2292;0,03
0011700;Mast za ležaje NLGI 2;kg;B9-2-4;L40-0504;34;21,65
0011704;Varovalka 2 A gG;kos;K2-01-18;;13;2,70
0011706;Rokavice zaščitne nitril vel. 7;par;B8-4-10;;166;6,27
0011710;Varovalka 25 A gG;kos;K3-01-11;;27;11,66
0011719;Varovalka 16 A gG;kos;B6-2-10;;92;5,04
0011726;O-tesnilo 25x1,5 EPDM;kos;K1-03-03;;0;0,59
0011728;Matica DIN 934 M20 INOX A2;kos;B2-3-7;;2196;0,72
0011732;Mast za ležaje NLGI 2;kg;B4-3-9;L55-6238;81;7,25
0011732;Mast za ležaje NLGI 2;kg;B4-3-9;L69-2221;30;7,25
0011732;Mast za ležaje NLGI 2;kg;B1-5-1;L96-9379;0;7,25
0011735;Rokavice zaščitne protiurezne vel. 8;par;K3-02-07;;391;1,83
0011741;Podložka DIN 125 M5 črno;kos;B8-5-5;;7009;0,04
0011744;Matica DIN 934 M6 pocinkano;kos;B3-1-7;;6672;0,83
0011752;Podložka DIN 125 M16 INOX A4;kos;B3-4-4;;6838;0,10
0011760;Vijak šestrobi DIN 933 M5x25 INOX A4;kos;K2-01-08;;4678;0,02
0011764;Rokavice zaščitne usnjene vel. 11;par;B2-5-8;;503;3,55
0011770;Rokavice zaščitne protiurezne vel. 10;par;K3-01-18;;170;0,99
0011779;Krpe čistilne bombažne (10 kg);pak;B2-3-7;;43;21,24
0011784;Vijak šestrobi DIN 933 M8x50 črno;kos;K1-02-01;;771;0,12
0011792;Mast za ležaje NLGI 2;kg;K3-03-20;L23-7474;143;5,23
0011792;Mast za ležaje NLGI 2;kg;K3-03-20;L07-4821;24;5,23
0011797;Olje kompresorsko VDL 46;l;B7-5-10;L75-9464;346,8;9,43
0011805;Kabel NYY-J 7x1,5 mm2;m;K3-04-03;;80,8;3,44
0011809;Vijak šestrobi DIN 933 M12x30 INOX A4;kos;B3-1-9;;1200;0,24
0011816;Matica DIN 934 M10 INOX A2;kos;B9-1-3;;1661;0,02
0011822;Matica DIN 934 M16 pocinkano;kos;K2-04-13;;3846;0,65
0011831;Podložka DIN 125 M20 pocinkano;kos;B9-5-4;;3003;0,07
0011831;Podložka DIN 125 M20 pocinkano;kos;K2-04-10;;2203;0,07
0011833;Cev PE fi 20 mm;m;B6-1-5;;61,2;3,20
0011841;Filter zraka F522;kos;K1-04-15;;21;37,23
0011850;Rokavice zaščitne nitril vel. 8;par;B8-1-4;;192;1,22
0011859;Olje kompresorsko VDL 220;l;B8-2-1;L74-3671;291,8;4,81
0011859;Olje kompresorsko VDL 220;l;B8-2-1;L36-9594;307,3;4,81
0011859;Olje kompresorsko VDL 220;l;B8-2-1;L40-6409;219,6;4,81
0011859;Olje kompresorsko VDL 220;l;K2-03-06;L09-7439;215,1;4,81
0011859;Olje kompresorsko VDL 220;l;K2-03-06;L53-3942;157,0;4,81
0011862;Vijak šestrobi DIN 933 M4x20 INOX A4;kos;B6-5-4;;558;0,58
0011867;Ležaj kroglični 6206-2RS;kos;K3-02-01;;56;11,44
0011871;Relej 24 V DC 2 preklopna kontakta;kos;B8-5-1;;176;13,62
0011871;Relej 24 V DC 2 preklopna kontakta;kos;B8-5-7;;4;13,62
0011876;Ležaj kroglični 6305-ZZ;kos;K3-03-14;;48;54,20
0011880;Filter hidravlični F401;kos;B2-3-7;;33;22,31
0011882;Cev PVC fi 20 mm;m;B4-2-5;;68,6;2,02
0011890;Varovalka 4 A gG;kos;K3-04-08;;141;20,54
0011896;Matica DIN 934 M12 INOX A2;kos;K1-04-08;;3404;0,74
0011898;Kabel H07RN-F 3x1,5 mm2;m;B7-1-1;;435,5;4,04
0011906;Olje kompresorsko VDL 32;l;B5-5-7;L10-4709;100,8;3,15
0011906;Olje kompresorsko VDL 32;l;B5-5-7;L52-1456;280,5;3,15
0011906;Olje kompresorsko VDL 32;l;B5-5-7;L23-2858;157,2;3,15
0011908;Cev PE fi 12 mm;m;B8-4-4;;100,6;0,87
0011909;O-tesnilo 119x2 FKM;kos;B4-3-2;;278;0,63
0011910;Rokavice zaščitne nitril vel. 8;par;B9-4-5;;455;5,87
0011912;Relej 24 V DC 2 preklopna kontakta;kos;B4-4-3;;59;0,49
0011912;Relej 24 V DC 2 preklopna kontakta;kos;B6-1-8;;116;0,49
0011919;Cev PE fi 4 mm;m;B1-1-7;;120,9;2,91
0011919;Cev PE fi 4 mm;m;K3-03-07;;74,2;2,91
0011928;Matica DIN 934 M10 INOX A4;kos;B9-5-9;;352;0,15
0011936;Podložka DIN 125 M8 INOX A2;kos;K2-02-09;;4983;0,16
0011942;Vijak šestrobi DIN 933 M6x12 pocinkano;kos;K2-02-01;;1770;0,02
0011948;Ležaj kroglični 6204-2RS;kos;B6-1-9;;52;5,95
0011949;Krpe čistilne bombažne (10 kg);pak;K3-04-18;;75;10,56
0011949;Krpe čistilne bombažne (10 kg);pak;B2-2-9;;17;10,56
0011953;Matica DIN 934 M10 pocinkano;kos;K1-01-12;;5780;0,57
0011956;Lepilo za navoje nizko trdno 50 ml;kos;B4-3-3;L84-2474;56;30,54
0011961;Vezice kabelske 4,8x200 mm (100 kos);pak;K1-03-02;;40;1,89
0011969;Olje hidravlično HLP 46;l;B6-4-8;L51-7123;364,0;9,26
0011969;Olje hidravlično HLP 46;l;B3-5-4;L68-5160;8,6;9,26
0011969;Olje hidravlično HLP 46;l;B3-5-4;L48-1754;259,7;9,26
0011969;Olje hidravlično HLP 46;l;B3-5-4;L96-5137;239,3;9,26
0011976;Filter hidravlični F137;kos;K2-02-03;;24;31,42
0011983;Ležaj kroglični 6305-ZZ;kos;B2-5-3;;43;5,45
0011987;Folija raztezna 23 my (6 rol);pak;B4-2-4;;112;15,43
0011987;Folija raztezna 23 my (6 rol);pak;B4-4-4;;62;15,43
0011993;Vijak šestrobi DIN 933 M8x40 INOX A2;kos;B1-5-4;;3009;0,03
0012000;Mast za ležaje NLGI 2;kg;K3-03-15;L09-8593;71;29,11
0012000;Mast za ležaje NLGI 2;kg;K3-03-15;L17-4612;68;29,11
0012000;Mast za ležaje NLGI 2;kg;K3-03-15;L00-4711;146;29,11
0012000;Mast za ležaje NLGI 2;kg;B7-4-2;L38-2675;151;29,11
0012000;Mast za ležaje NLGI 2;kg;B7-4-2;L86-9261;20;29,11
0012000;Mast za ležaje NLGI 2;kg;B7-4-2;L79-6405;97;29,11
0012004;Olje reduktorsko CLP 68;l;K1-03-04;L37-7351;57,9;13,12
0012012;Podložka DIN 125 M8 pocinkano;kos;B4-1-4;;2038;0,07
0012016;Cev PE fi 6 mm;m;B5-2-6;;85,1;3,95
0012017;Ležaj kroglični 6000-2RS;kos;K3-02-15;;10;23,24
0012018;Podložka DIN 125 M10 INOX A2;kos;K2-03-08;;4744;0,07
0012020;Ležaj kroglični 6205-ZZ;kos;B9-3-1;;53;61,30
0012023;Lepilo za navoje nizko trdno 250 ml;kos;B8-1-1;L58-5064;30;10,22
0012023;Lepilo za navoje nizko trdno 250 ml;kos;B8-1-1;L31-7139;17;10,22
0012023;Lepilo za navoje nizko trdno 250 ml;kos;B8-1-1;L00-5329;26;10,22
0012032;Krpe čistilne bombažne (10 kg);pak;B4-4-2;;5;19,50
0012041;Olje hidravlično HLP 32;l;K3-01-08;L31-8393;214,8;6,65
0012041;Olje hidravlično HLP 32;l;K3-01-08;L35-2904;359,3;6,65
0012041;Olje hidravlično HLP 32;l;K3-01-08;L22-8421;218,0;6,65
0012041;Olje hidravlično HLP 32;l;K2-02-03;L02-0539;157,1;6,65
0012041;Olje hidravlično HLP 32;l;K2-02-03;L50-2402;330,5;6,65
0012043;Cev PU fi 12 mm;m;B2-4-6;;84,6;3,89
0012048;Ležaj kroglični 6000-2RS;kos;B1-1-8;;21;23,59
0012048;Ležaj kroglični 6000-2RS;kos;B8-4-5;;28;23,59
0012053;O-tesnilo 114x4 FKM;kos;B9-1-7;;290;0,78
0012061;Podložka DIN 125 M12 črno;kos;B8-1-3;;2362;0,03
0012063;Kontaktor 11 kW 230 V;kos;K2-02-14;;14;5,32
0012066;Cev PVC fi 6 mm;m;K3-01-05;;46,4;12,25
0012072;Matica DIN 934 M4 črno;kos;K3-04-02;;4994;0,66
0012073;Filter zraka P606;kos;K3-04-03;;13;21,59
0012074;Filter hidravlični P628;kos;B1-4-7;;11;51,26
0012076;O-tesnilo 104x3 FKM;kos;B5-1-6;;40;1,19
0012078;Olje reduktorsko CLP 220;l;B8-1-7;L68-1177;395,4;13,45
0012078;Olje reduktorsko CLP 220;l;B8-1-7;L58-9178;381,8;13,45
0012085;Lepilo za navoje srednje trdno 50 ml;kos;K2-03-03;L39-0847;15;8,54
0012085;Lepilo za navoje srednje trdno 50 ml;kos;K2-03-03;L00-7661;33;8,54
0012094;Vezice kabelske 4,8x200 mm (100 kos);pak;K2-03-07;;44;12,48
0012102;Rokavice zaščitne usnjene vel. 11;par;B6-2-5;;235;11,26
0012106;Filter olja H461;kos;B6-2-10;;22;27,95
0012106;Filter olja H461;kos;B6-1-5;;31;27,95
0012112;Kabel H07RN-F 5x2,5 mm2;m;B4-5-5;;199,2;0,94
0012117;Ležaj kroglični 6004-2RS;kos;B8-2-5;;59;55,09
0012119;Rokavice zaščitne protiurezne vel. 10;par;K2-02-05;;390;4,84
0012125;Mast silikonska;kg;K1-04-14;L77-1159;33;28,28
0012126;Olje reduktorsko CLP 100;l;B8-1-6;L21-2499;50,3;16,81
0012126;Olje reduktorsko CLP 100;l;B9-1-4;L85-6984;4,4;16,81
0012126;Olje reduktorsko CLP 100;l;B9-1-4;L78-9611;0;16,81
0012130;Cev PVC fi 16 mm;m;B4-5-2;;97,5;2,65
0012136;Kabel H07RN-F 4x1,5 mm2;m;B8-4-2;;370,2;1,67
0012139;Lepilo za navoje srednje trdno 250 ml;kos;B6-3-7;L83-6736;49;23,90
0012139;Lepilo za navoje srednje trdno 250 ml;kos;B6-3-7;L57-6615;20;23,90
0012139;Lepilo za navoje srednje trdno 250 ml;kos;B6-3-7;L65-4527;2;23,90
0012142;Cev silikonska fi 8 mm;m;K1-04-20;;100,6;21,68
0012147;O-tesnilo 76x4 NBR;kos;B2-2-2;L11-1161;327;0,40
0012147;O-tesnilo 76x4 NBR;kos;B2-2-2;L52-8098;386;0,40
0012153;O-tesnilo 51x2,5 EPDM;kos;B8-1-3;L85-1656;352;0,76
0012157;Lepilo za navoje nizko trdno 250 ml;kos;B6-5-2;L04-9451;58;22,19
0012157;Lepilo za navoje nizko trdno 250 ml;kos;B6-5-2;L98-3273;49;22,19
0012157;Lepilo za navoje nizko trdno 250 ml;kos;B6-5-2;L15-8514;60;22,19
0012160;Folija raztezna 23 my (6 rol);pak;B9-4-2;;109;10,41
0012162;Matica DIN 934 M6 INOX A4;kos;B6-5-9;;3339;0,03
0012167;Mast za ležaje NLGI 2;kg;K1-01-12;L93-6899;33;21,54
0012171;Rokavice zaščitne usnjene vel. 7;par;B2-5-8;;571;1,23
0012172;Vijak šestrobi DIN 933 M16x50 pocinkano;kos;B2-4-7;;2584;0,03
0012176;Ležaj kroglični 6201-ZZ;kos;B4-3-5;;59;27,68
0012176;Ležaj kroglični 6201-ZZ;kos;B1-3-10;;56;27,68
0012185;O-tesnilo 75x3 NBR;kos;B4-4-2;;388;3,98
0012192;Olje kompresorsko VDL 220;l;K1-03-04;L80-9402;150,8;7,38
0012199;O-tesnilo 24x2,5 NBR;kos;B3-4-10;;9;0,08
0012207;Filter olja H109;kos;K3-01-02;;0;64,17
0012213;Ležaj kroglični 6204-ZZ;kos;K3-03-12;;17;12,88
0012215;Cev PU fi 12 mm;m;B6-3-6;;38,3;2,06
0012218;O-tesnilo 19x3 EPDM;kos;K1-03-14;L44-5502;278;0,50
0012219;Podložka DIN 125 M5 INOX A4;kos;B1-1-9;;8186;0,03
0012223;Kabel H05VV-F 3x2,5 mm2;m;B8-4-1;;271,5;6,35
0012225;Folija raztezna 23 my (6 rol);pak;B2-3-4;;115;1,45
0012230;Krpe čistilne bombažne (10 kg);pak;B6-1-5;;95;19,61
0012230;Krpe čistilne bombažne (10 kg);pak;B8-5-5;;95;19,61
0012232;Olje kompresorsko VDL 46;l;B7-2-10;L29-6120;18,2;6,52
0012241;Olje hidravlično HLP 68;l;B8-2-10;L18-3667;47,2;6,63
0012241;Olje hidravlično HLP 68;l;B8-2-10;L52-5459;178,8;6,63
0012241;Olje hidravlično HLP 68;l;B8-2-10;L91-0229;69,5;6,63
0012246;Lepilo za navoje srednje trdno 50 ml;kos;B1-5-4;L01-4767;20;29,42
0012246;Lepilo za navoje srednje trdno 50 ml;kos;B1-5-4;L97-6438;12;29,42
0012246;Lepilo za navoje srednje trdno 50 ml;kos;K2-04-06;L15-6149;80;29,42
0012246;Lepilo za navoje srednje trdno 50 ml;kos;K2-04-06;L78-4036;8;29,42
0012247;Kabel H07RN-F 5x4 mm2;m;K1-03-10;;285,5;2,53
0012247;Kabel H07RN-F 5x4 mm2;m;B5-4-9;;159,0;2,53
0012248;Varovalka 10 A gG;kos;B7-1-2;;146;4,73
0012251;Olje reduktorsko CLP 68;l;K3-01-04;L90-0343;218,5;11,04
0012251;Olje reduktorsko CLP 68;l;K3-01-04;L24-4510;122,1;11,04
0012251;Olje reduktorsko CLP 68;l;K3-01-04;L76-2268;222,8;11,04
0012257;Mast litijeva EP2;kg;B4-4-10;L38-8516;159;22,95
0012257;Mast litijeva EP2;kg;B4-4-10;L06-0715;17;22,95
0012257;Mast litijeva EP2;kg;B4-4-10;L96-9664;138;22,95
0012264;Ležaj kroglični 6206-ZZ;kos;B6-4-10;;8;43,84
0012266;Olje kompresorsko VDL 32;l;B4-4-3;L16-0529;79,4;2,73
0012268;Vijak šestrobi DIN 933 M16x80 črno;kos;B6-2-3;;630;0,21
0012269;Ležaj kroglični 6308-ZZ;kos;K1-02-10;;36;75,00
0012276;Vezice kabelske 4,8x200 mm (100 kos);pak;K3-02-02;;107;17,49
0012276;Vezice kabelske 4,8x200 mm (100 kos);pak;B6-3-3;;67;17,49
0012278;Matica DIN 934 M8 črno;kos;B6-1-5;;4674;0,02
0012287;Cev PVC fi 16 mm;m;B9-4-8;;37,9;7,48
0012296;Cev PE fi 8 mm;m;B8-2-1;;67,4;4,69
0012302;Cev silikonska fi 16 mm;m;B5-2-10;;53,0;6,01
0012308;Mast za ležaje NLGI 2;kg;B1-4-6;L75-1613;78;34,71
0012308;Mast za ležaje NLGI 2;kg;B1-4-6;L69-6816;0;34,71
0012308;Mast za ležaje NLGI 2;kg;B1-4-6;L45-3521;55;34,71
0012308;Mast za ležaje NLGI 2;kg;B6-5-2;L81-8835;177;34,71
0012313;Olje kompresorsko VDL 150;l;B2-5-7;L52-3124;109,5;7,95
0012313;Olje kompresorsko VDL 150;l;B2-5-7;L32-9212;239,4;7,95
0012317;Ležaj kroglični 6201-ZZ;kos;B5-3-3;;51;4,74
0012325;Podložka DIN 125 M20 pocinkano;kos;K2-04-01;;5578;0,09
0012331;Krpe čistilne bombažne (10 kg);pak;B5-4-3;;119;4,89
0012332;Rokavice zaščitne protiurezne vel. 10;par;B7-3-7;;524;0,72
0012336;Podložka DIN 125 M4 črno;kos;K2-03-20;;4847;0,36
0012343;Podložka DIN 125 M6 INOX A4;kos;B2-1-1;;6629;0,01
0012352;Cev PU fi 8 mm;m;B9-1-5;;127,1;3,94
0012361;Ležaj kroglični 6004-2RS;kos;K2-03-20;;28;8,43
0012367;Kabel H07RN-F 3x2,5 mm2;m;B7-2-3;;363,2;1,25
0012370;Mast litijeva EP2;kg;B8-4-3;L77-9979;29;32,04
0012370;Mast litijeva EP2;kg;B8-4-3;L95-5271;63;32,04
0012370;Mast litijeva EP2;kg;B8-4-3;L77-4490;38;32,04
0012375;Vijak šestrobi DIN 933 M12x100 pocinkano;kos;B7-4-10;;1719;0,08
0012384;Olje reduktorsko CLP 150;l;B3-5-5;L58-1477;0;6,66
0012384;Olje reduktorsko CLP 150;l;B3-5-5;L00-5411;272,7;6,66
0012384;Olje reduktorsko CLP 150;l;B3-5-5;L99-8679;105,6;6,66
0012387;Vijak šestrobi DIN 933 M10x20 INOX A4;kos;B1-1-9;;3000;0,03
0012389;Vijak šestrobi DIN 933 M10x80 črno;kos;B3-1-2;;4941;0,06
0012398;Matica DIN 934 M6 INOX A2;kos;B1-3-3;;2597;0,10
0012404;Mast za ležaje NLGI 2;kg;B8-2-1;L80-7935;129;21,37
0012404;Mast za ležaje NLGI 2;kg;B8-2-4;L97-8207;100;21,37
0012405;Olje reduktorsko CLP 46;l;K3-04-03;L15-1820;394,4;3,40
0012405;Olje reduktorsko CLP 46;l;K3-04-03;L37-7889;358,4;3,40
0012405;Olje reduktorsko CLP 46;l;K3-04-03;L25-5466;94,1;3,40
0012412;Ležaj kroglični 6305-2RS;kos;K3-01-10;;14;14,30
0012415;Lepilo za navoje nizko trdno 250 ml;kos;B7-2-7;L59-0515;56;30,08
0012415;Lepilo za navoje nizko trdno 250 ml;kos;B7-2-7;L18-6449;19;30,08
0012415;Lepilo za navoje nizko trdno 250 ml;kos;B7-2-7;L25-1925;73;30,08
0012418;Kabel NYM-J 5x2,5 mm2;m;B4-4-9;;25,1;2,50
0012424;Cev silikonska fi 12 mm;m;K3-03-03;;39,4;3,47
0012426;Podložka DIN 125 M6 pocinkano;kos;B6-3-4;;9870;0,17
0012430;Ležaj kroglični 6308-2RS;kos;K1-02-19;;31;11,46
0012436;Podložka DIN 125 M16 črno;kos;B5-4-2;;345;0,06
0012441;Cev PU fi 10 mm;m;B9-5-10;;94,7;9,86
0012441;Cev PU fi 10 mm;m;K3-02-02;;9,5;9,86
0012448;Varovalka 6 A gG;kos;B1-5-4;;138;3,99
0012455;Relej 24 V DC 2 preklopna kontakta;kos;B6-5-3;;157;3,75
0012456;Senzor induktivni M18 PNP;kos;B4-4-5;;179;0,63
0012465;Podložka DIN 125 M16 črno;kos;K1-01-15;;7549;0,03
0012465;Podložka DIN 125 M16 črno;kos;K2-04-15;;2786;0,03
0012467;Matica DIN 934 M5 črno;kos;B8-5-4;;4608;0,17
0012467;Matica DIN 934 M5 črno;kos;K1-04-14;;7573;0,17
0012473;Lepilo za navoje nizko trdno 10 ml;kos;B2-1-3;L46-2914;58;8,32
0012473;Lepilo za navoje nizko trdno 10 ml;kos;B2-1-3;L86-5281;24;8,32
0012473;Lepilo za navoje nizko trdno 10 ml;kos;B2-1-3;L68-5054;17;8,32
0012473;Lepilo za navoje nizko trdno 10 ml;kos;B9-3-10;L23-5733;33;8,32
0012474;Mast za ležaje NLGI 2;kg;B1-1-6;L22-1418;151;27,44
0012474;Mast za ležaje NLGI 2;kg;B1-1-6;L88-0592;117;27,44
0012481;Mast litijeva EP2;kg;K2-02-11;L96-2229;54;15,48
0012481;Mast litijeva EP2;kg;K2-02-11;L27-0653;38;15,48
0012481;Mast litijeva EP2;kg;K2-02-11;L79-4738;90;15,48
0012481;Mast litijeva EP2;kg;B6-4-5;L34-7359;155;15,48
0012486;Kabel NYM-J 2x0,75 mm2;m;B4-2-6;;488,3;0,52
0012495;Podložka DIN 125 M20 INOX A4;kos;B7-1-7;;1208;0,31
0012495;Podložka DIN 125 M20 INOX A4;kos;B7-4-1;;1163;0,31
0012500;Mast litijeva EP2;kg;B7-4-8;L77-4688;54;5,26
0012500;Mast litijeva EP2;kg;B7-4-8;L62-3924;28;5,26
0012500;Mast litijeva EP2;kg;B7-4-8;L07-5818;162;5,26
0012509;Matica DIN 934 M20 INOX A4;kos;B6-2-6;;2998;0,07
0012512;Lepilo za navoje nizko trdno 50 ml;kos;K1-03-15;L14-1247;38;17,10
0012512;Lepilo za navoje nizko trdno 50 ml;kos;K1-03-15;L82-6137;1;17,10
0012512;Lepilo za navoje nizko trdno 50 ml;kos;K1-03-15;L50-6068;60;17,10
0012514;Varovalka 32 A gG;kos;K3-03-03;;177;2,19
0012519;O-tesnilo 106x1,5 FKM;kos;B1-1-7;L53-6153;375;0,27
0012519;O-tesnilo 106x1,5 FKM;kos;B1-1-7;L05-1522;19;0,27
0012522;Ležaj kroglični 6203-ZZ;kos;K1-02-16;;31;73,50
0012525;Rokavice zaščitne usnjene vel. 11;par;B9-3-4;;543;12,63
0012530;Lepilo za navoje nizko trdno 250 ml;kos;B5-2-4;L04-7277;46;11,33
0012530;Lepilo za navoje nizko trdno 250 ml;kos;B5-2-4;L90-1043;20;11,33
0012535;Trak lepilni rjav 48 mm x 66 m (6 kos);pak;K2-01-18;;50;3,77
0012538;Lepilo za navoje srednje trdno 50 ml;kos;B1-4-3;L28-9861;31;24,85
0012544;Mast za ležaje NLGI 2;kg;B3-2-5;L43-4103;24;6,51
0012552;Olje hidravlično HLP 100;l;B7-5-9;L69-7117;128,1;15,67
0012552;Olje hidravlično HLP 100;l;B7-5-9;L98-0893;59,6;15,67
0012552;Olje hidravlično HLP 100;l;B7-5-9;L24-6095;41,2;15,67
0012561;Rokavice zaščitne nitril vel. 8;par;K2-01-05;;55;7,05
0012563;Kabel H05VV-F 2x0,75 mm2;m;B7-2-10;;172,9;0,51
0012569;Ležaj kroglični 6004-ZZ;kos;K1-01-02;;11;8,72
0012574;Matica DIN 934 M4 pocinkano;kos;B7-3-7;;6686;0,03
0012579;Lepilo za navoje srednje trdno 10 ml;kos;B7-5-7;L39-6218;61;6,93
0012580;Matica DIN 934 M16 pocinkano;kos;K3-01-01;;5753;0,01
0012588;Lepilo za navoje visoko trdno 50 ml;kos;K3-04-17;L51-8888;60;11,72
0012591;Matica DIN 934 M20 pocinkano;kos;K1-02-07;;1277;0,08
0012596;Kabel H05VV-F 3x1,5 mm2;m;B7-4-3;;390,3;4,62
0012598;Kabel H05VV-F 4x1,5 mm2;m;B8-1-7;;85,3;7,93
0012605;Trak lepilni rjav 48 mm x 66 m (6 kos);pak;B7-1-10;;53;3,60
0012609;Lepilo za navoje srednje trdno 250 ml;kos;B2-2-8;L80-6706;56;8,27
0012609;Lepilo za navoje srednje trdno 250 ml;kos;B2-2-8;L54-0515;44;8,27
0012609;Lepilo za navoje srednje trdno 250 ml;kos;B2-2-8;L31-9520;31;8,27
0012612;Rokavice zaščitne protiurezne vel. 7;par;K1-03-09;;343;7,42
0012621;Matica DIN 934 M20 INOX A2;kos;K3-01-03;;6418;0,04
0012628;Kabel H05VV-F 5x4 mm2;m;B3-5-3;;1,1;4,00
0012628;Kabel H05VV-F 5x4 mm2;m;K2-04-05;;372,0;4,00
0012637;O-tesnilo 54x4 EPDM;kos;B7-3-5;L58-5277;227;0,48
0012637;O-tesnilo 54x4 EPDM;kos;B7-3-5;L22-1704;181;0,48
0012637;O-tesnilo 54x4 EPDM;kos;B7-3-5;L30-3054;303;0,48
0012638;Lepilo za navoje nizko trdno 50 ml;kos;B2-2-4;L86-8740;1;33,10
0012638;Lepilo za navoje nizko trdno 50 ml;kos;B2-2-4;L34-5054;46;33,10
0012638;Lepilo za navoje nizko trdno 50 ml;kos;B2-2-4;L15-6676;37;33,10
0012639;Ležaj kroglični 6204-ZZ;kos;B9-2-6;;43;27,57
0012642;Mast litijeva EP2;kg;B8-2-9;L52-7758;172;6,11
0012645;Podložka DIN 125 M4 pocinkano;kos;K1-03-09;;1487;0,11
0012645;Podložka DIN 125 M4 pocinkano;kos;K3-04-04;;7571;0,11
0012652;Lepilo za navoje srednje trdno 50 ml;kos;K1-01-11;L41-6169;78;16,75
0012653;Lepilo za navoje visoko trdno 250 ml;kos;B9-3-1;L28-4511;5;9,67
0012653;Lepilo za navoje visoko trdno 250 ml;kos;B9-3-1;L54-4796;48;9,67
0012653;Lepilo za navoje visoko trdno 250 ml;kos;B9-3-1;L27-5705;62;9,67
0012655;Podložka DIN 125 M10 črno;kos;K3-01-15;;1379;0,07
0012664;Filter hidravlični H727;kos;B1-2-2;;31;5,96
0012670;Cev PE fi 12 mm;m;K3-01-02;;13,5;2,09
0012670;Cev PE fi 12 mm;m;B7-2-2;;118,3;2,09
0012671;Rokavice zaščitne usnjene vel. 11;par;B3-3-10;;294;0,66
0012676;Podložka DIN 125 M10 INOX A4;kos;B3-2-5;;2576;0,24
0012676;Podložka DIN 125 M10 INOX A4;kos;K3-01-09;;2973;0,24
0012681;Filter hidravlični F596;kos;B1-4-4;;10;9,13
0012684;Krpe čistilne bombažne (10 kg);pak;B8-5-3;;82;15,20
0012687;Ležaj kroglični 6305-ZZ;kos;B3-2-9;;31;4,19
0012692;Mast silikonska;kg;B5-4-10;L96-4016;68;33,82
0012692;Mast silikonska;kg;B5-4-10;L58-2029;112;33,82
0012692;Mast silikonska;kg;B5-4-10;L70-2135;0;33,82
0012700;Cev PE fi 4 mm;m;B8-2-3;;134,5;1,10
0012705;Kabel LiYCY 3x2,5 mm2;m;K2-04-09;;199,0;6,75
0012709;Olje reduktorsko CLP 220;l;K2-02-11;L56-9092;5,8;10,14
0012716;Matica DIN 934 M5 črno;kos;B6-1-8;;853;0,05
0012717;Lepilo za navoje nizko trdno 10 ml;kos;B3-3-3;L75-5719;73;40,73
0012717;Lepilo za navoje nizko trdno 10 ml;kos;B3-3-3;L28-5654;24;40,73
0012717;Lepilo za navoje nizko trdno 10 ml;kos;B3-3-3;L31-0278;24;40,73
0012722;O-tesnilo 64x1,5 EPDM;kos;B9-4-8;;399;0,50
0012728;O-tesnilo 25x1,5 FKM;kos;B7-5-1;;140;1,83
0012731;Mast litijeva EP2;kg;K3-01-15;L68-1447;37;12,10
0012731;Mast litijeva EP2;kg;K3-01-15;L39-4731;111;12,10
0012731;Mast litijeva EP2;kg;K3-01-15;L21-7271;165;12,10
0012733;Mast silikonska;kg;B2-3-3;L55-1884;0;7,17
0012733;Mast silikonska;kg;B2-3-3;L42-2583;168;7,17
0012733;Mast silikonska;kg;K2-03-16;L13-2370;69;7,17
0012736;Senzor induktivni M18 PNP;kos;B2-3-2;;0;4,56
0012744;Matica DIN 934 M12 INOX A4;kos;K3-02-18;;3092;0,22
0012753;Vezice kabelske 4,8x200 mm (100 kos);pak;B6-5-7;;6;1,57
0012760;Rokavice zaščitne nitril vel. 9;par;K3-02-16;;458;6,40
0012764;Podložka DIN 125 M4 INOX A2;kos;B5-5-5;;8956;0,01
0012769;Mast silikonska;kg;B1-2-7;L58-9578;11;35,12
0012776;Matica DIN 934 M8 črno;kos;K2-01-20;;7676;0,69
0012778;Vijak šestrobi DIN 933 M6x40 pocinkano;kos;B1-5-7;;167;0,17
0012781;Rokavice zaščitne nitril vel. 9;par;K3-01-16;;118;9,78
0012781;Rokavice zaščitne nitril vel. 9;par;B4-3-5;;235;9,78
0012783;Filter zraka H445;kos;B9-2-2;;37;74,71
0012792;Podložka DIN 125 M12 INOX A2;kos;B7-5-4;;6901;0,17
0012795;Varovalka 6 A gG;kos;K3-02-18;;5;0,79
0012803;Matica DIN 934 M4 pocinkano;kos;K3-03-18;;6714;0,02
0012803;Matica DIN 934 M4 pocinkano;kos;K2-04-18;;1139;0,02
0012807;Podložka DIN 125 M10 črno;kos;K3-01-16;;8290;0,05
0012809;Rokavice zaščitne usnjene vel. 9;par;B4-5-7;;107;2,49
0012815;Folija raztezna 23 my (6 rol);pak;B5-2-4;;102;5,74
0012818;Rokavice zaščitne usnjene vel. 10;par;B1-5-5;;224;1,09
0012825;O-tesnilo 47x4 FKM;kos;K2-02-01;L29-1146;64;0,10
0012827;Ležaj kroglični 6205-ZZ;kos;B7-4-4;;15;13,96
0012829;Ležaj kroglični 6204-2RS;kos;K1-02-13;;28;12,09
0012832;Ležaj kroglični 6305-ZZ;kos;K1-01-19;;18;6,30
0012836;Kabel H07RN-F 2x0,75 mm2;m;B3-4-10;;141,2;4,50
0012836;Kabel H07RN-F 2x0,75 mm2;m;B3-2-4;;242,7;4,50
0012839;Filter hidravlični P274;kos;B5-4-6;;32;34,32
0012843;Lepilo za navoje visoko trdno 50 ml;kos;B6-1-3;L78-6691;76;10,53
0012843;Lepilo za navoje visoko trdno 50 ml;kos;B6-1-3;L25-1778;74;10,53
0012844;Cev PVC fi 4 mm;m;K1-04-07;;99,1;21,37
0012846;Mast za ležaje NLGI 2;kg;B1-2-3;L52-8922;34;6,87
0012846;Mast za ležaje NLGI 2;kg;B1-2-3;L68-0182;62;6,87
0012848;Vijak šestrobi DIN 933 M20x80 INOX A4;kos;K2-03-15;;3776;0,04
0012856;Filter zraka P515;kos;K3-02-12;;5;9,26
0012863;Relej 230 V AC 2 preklopna kontakta;kos;K2-03-20;;21;13,98
0012869;Senzor induktivni M8 PNP;kos;B8-3-5;;181;2,57
0012871;Olje kompresorsko VDL 46;l;K2-02-03;L42-2535;309,1;3,31
0012871;Olje kompresorsko VDL 46;l;K2-02-03;L84-1438;393,8;3,31
0012875;Filter hidravlični F428;kos;B9-4-4;;23;16,20
0012883;Mast silikonska;kg;K2-01-15;L42-4981;173;13,09
0012883;Mast silikonska;kg;K2-01-15;L82-9922;17;13,09
0012883;Mast silikonska;kg;K2-01-16;L99-5900;101;13,09
0012883;Mast silikonska;kg;K2-01-16;L10-9439;74;13,09
0012885;Matica DIN 934 M6 INOX A4;kos;B4-1-5;;2501;0,02
0012885;Matica DIN 934 M6 INOX A4;kos;B5-1-10;;7732;0,02
0012888;Mast za ležaje NLGI 2;kg;B1-3-2;L69-0784;60;10,30
0012897;Rokavice zaščitne usnjene vel. 10;par;B7-4-5;;552;4,30
0012906;Mast za ležaje NLGI 2;kg;B7-2-4;L47-3647;74;7,93
0012906;Mast za ležaje NLGI 2;kg;B4-3-6;L10-2767;73;7,93
0012914;Podložka DIN 125 M6 INOX A4;kos;K3-04-13;;2015;0,02
0012915;Kabel NYY-J 3x1,5 mm2;m;B5-2-1;;260,6;1,78
0012921;Podložka DIN 125 M12 črno;kos;B7-1-9;;8282;0,07
0012924;Mast za ležaje NLGI 2;kg;K2-02-10;L73-5925;76;5,68
0012924;Mast za ležaje NLGI 2;kg;K2-02-10;L55-6258;75;5,68
0012927;Filter hidravlični P552;kos;K1-03-01;;20;15,46
0012927;Filter hidravlični P552;kos;B1-5-2;;15;15,46
0012935;Kabel NYM-J 3x2,5 mm2;m;K2-04-08;;228,6;0,43
0012939;Vijak šestrobi DIN 933 M5x50 črno;kos;K1-04-15;;4991;0,42
0012948;Vijak šestrobi DIN 933 M12x35 INOX A2;kos;B8-5-6;;2928;0,50
0012953;Mast silikonska;kg;K1-01-05;L81-5371;74;4,87
0012953;Mast silikonska;kg;K1-01-05;L47-3210;109;4,87
0012960;Podložka DIN 125 M5 INOX A2;kos;K2-01-08;;9777;0,02
0012967;Matica DIN 934 M4 črno;kos;B4-3-10;;6286;0,18
0012970;Ležaj kroglični 6002-ZZ;kos;B7-1-10;;36;9,10
0012978;Ležaj kroglični 6000-2RS;kos;K3-03-06;;42;5,82
0012983;Cev PU fi 25 mm;m;B1-3-10;;14,6;16,15
0012989;Lepilo za navoje visoko trdno 250 ml;kos;K1-02-18;L46-9632;74;14,45
0012990;Vezice kabelske 4,8x200 mm (100 kos);pak;B7-3-8;;21;2,08
0012990;Vezice kabelske 4,8x200 mm (100 kos);pak;K1-02-03;;82;2,08
0012996;Vijak šestrobi DIN 933 M10x25 pocinkano;kos;B4-4-8;;1419;0,20
0013005;Kabel LiYCY 7x1,5 mm2;m;B6-3-8;;79,5;7,90
0013014;Lepilo za navoje visoko trdno 10 ml;kos;B8-4-2;L59-5327;21;6,16
0013014;Lepilo za navoje visoko trdno 10 ml;kos;B8-4-2;L87-7470;20;6,16
0013023;Ležaj kroglični 6004-2RS;kos;B3-2-10;;31;13,88
0013029;O-tesnilo 93x2,5 NBR;kos;K3-01-02;;93;2,15
0013034;Vijak šestrobi DIN 933 M5x20 INOX A2;kos;B5-4-3;;693;0,95
0013034;Vijak šestrobi DIN 933 M5x20 INOX A2;kos;B7-2-5;;965;0,95
0013036;Vijak šestrobi DIN 933 M20x35 pocinkano;kos;K3-04-06;;2122;0,05
0013036;Vijak šestrobi DIN 933 M20x35 pocinkano;kos;K1-04-16;;134;0,05
0013038;Filter zraka P310;kos;K3-04-17;;18;35,43
0013044;Kabel H07RN-F 7x1,5 mm2;m;B5-5-8;;474,6;2,22
0013045;Olje hidravlično HLP 220;l;K2-02-01;L16-8733;88,6;3,69
0013045;Olje hidravlično HLP 220;l;K2-02-01;L95-0047;349,6;3,69
0013045;Olje hidravlično HLP 220;l;K2-02-01;L97-4801;151,1;3,69
0013048;Mast silikonska;kg;B8-2-4;L62-4565;59;34,55
0013048;Mast silikonska;kg;B8-2-4;L06-0983;81;34,55
0013050;Mast litijeva EP2;kg;B8-2-10;L58-4168;22;12,89
0013050;Mast litijeva EP2;kg;B8-2-10;L78-4991;30;12,89
0013050;Mast litijeva EP2;kg;B8-2-10;L21-6558;117;12,89
0013055;Rokavice zaščitne usnjene vel. 8;par;B9-4-9;;497;3,95
0013061;Podložka DIN 125 M4 črno;kos;K2-01-06;;2448;0,12
0013068;Cev PVC fi 8 mm;m;B7-5-7;;83,7;0,99
0013070;Ležaj kroglični 6204-ZZ;kos;K2-04-06;;52;8,78
0013077;Kabel H05VV-F 5x4 mm2;m;K1-03-07;;373,4;3,24
0013079;Matica DIN 934 M10 črno;kos;B3-4-8;;6901;0,09
0013081;Mast silikonska;kg;K3-01-10;L52-3986;160;4,25
0013083;Filter zraka P869;kos;K1-02-08;;32;28,28
0013092;O-tesnilo 74x2,5 EPDM;kos;B1-4-3;;65;0,72
0013099;Mast za ležaje NLGI 2;kg;B1-4-7;L80-0025;78;27,29
0013099;Mast za ležaje NLGI 2;kg;B1-4-7;L78-7298;43;27,29
0013099;Mast za ležaje NLGI 2;kg;B1-4-7;L25-9526;35;27,29
0013104;Senzor induktivni M18 PNP;kos;K2-03-16;;41;11,52
0013113;Vijak šestrobi DIN 933 M16x25 črno;kos;B8-2-2;;553;0,29
0013114;Lepilo za navoje srednje trdno 10 ml;kos;K2-04-08;L94-9588;13;32,40
0013114;Lepilo za navoje srednje trdno 10 ml;kos;K2-04-08;L87-9470;46;32,40
0013114;Lepilo za navoje srednje trdno 10 ml;kos;K2-04-08;L55-1694;8;32,40
0013118;Ležaj kroglični 6004-ZZ;kos;B2-2-8;;11;24,75
0013119;Olje reduktorsko CLP 32;l;K2-03-12;L09-7499;286,0;6,37
0013119;Olje reduktorsko CLP 32;l;K2-03-12;L30-9728;10,1;6,37
0013125;Cev silikonska fi 16 mm;m;B3-1-3;;102,7;5,34
0013134;Filter hidravlični H270;kos;B9-5-7;;5;38,79
0013143;Ležaj kroglični 6201-ZZ;kos;B9-2-2;;6;4,09
0013145;Lepilo za navoje visoko trdno 50 ml;kos;K1-02-17;L96-2309;39;6,87
0013145;Lepilo za navoje visoko trdno 50 ml;kos;K1-02-17;L13-0756;39;6,87
0013152;Rokavice zaščitne protiurezne vel. 9;par;K3-02-10;;570;1,18
0013155;Vijak šestrobi DIN 933 M6x60 črno;kos;K1-02-09;;3603;0,05
0013156;Olje hidravlično HLP 68;l;B7-1-8;L26-3689;341,0;6,39
0013156;Olje hidravlično HLP 68;l;B7-1-8;L70-2838;260,6;6,39
0013160;Krpe čistilne bombažne (10 kg);pak;B4-2-5;;52;2,95
0013164;Matica DIN 934 M6 INOX A2;kos;B7-2-8;;3672;0,01
0013171;Rokavice zaščitne nitril vel. 8;par;B6-2-5;;53;1,03
0013171;Rokavice zaščitne nitril vel. 8;par;B6-4-5;;30;1,03
0013172;Trak lepilni rjav 48 mm x 66 m (6 kos);pak;B2-2-6;;47;3,46
0013174;Cev PU fi 10 mm;m;B3-3-4;;108,5;1,16
0013179;Mast litijeva EP2;kg;B7-3-1;L57-8652;61;6,84
0013179;Mast litijeva EP2;kg;B7-3-1;L78-5854;56;6,84
0013179;Mast litijeva EP2;kg;B7-3-1;L97-3348;45;6,84
0013179;Mast litijeva EP2;kg;B7-4-8;L43-4437;66;6,84
0013179;Mast litijeva EP2;kg;B7-4-8;L57-5844;15;6,84
0013187;Olje reduktorsko CLP 220;l;B9-4-4;L19-8665;361,2;17,12
0013190;Kabel H05VV-F 5x4 mm2;m;K3-03-11;;45,7;1,36
0013194;O-tesnilo 75x3 FKM;kos;B3-3-5;;231;1,05
0013201;Vijak šestrobi DIN 933 M16x25 INOX A4;kos;B5-5-2;;1362;0,03
0013209;Rokavice zaščitne usnjene vel. 10;par;B2-4-3;;492;8,79
0013216;Vezice kabelske 4,8x200 mm (100 kos);pak;B3-1-3;;65;13,49
0013218;Kabel H05VV-F 5x2,5 mm2;m;B7-4-5;;43,6;5,16
0013221;Rokavice zaščitne usnjene vel. 8;par;B7-2-3;;171;0,61
0013225;Olje kompresorsko VDL 220;l;B9-3-1;L24-0415;358,7;11,75
0013225;Olje kompresorsko VDL 220;l;B9-3-1;L74-7338;107,7;11,75
0013228;Rokavice zaščitne protiurezne vel. 9;par;B9-3-5;;396;9,10
0013232;Vijak šestrobi DIN 933 M4x50 INOX A2;kos;B5-1-4;;457;1,18
0013239;Lepilo za navoje visoko trdno 250 ml;kos;B8-3-7;L48-4219;0;10,13
0013239;Lepilo za navoje visoko trdno 250 ml;kos;B4-3-5;L93-3083;64;10,13
0013239;Lepilo za navoje visoko trdno 250 ml;kos;B4-3-5;L30-1657;27;10,13
0013243;Vezice kabelske 4,8x200 mm (100 kos);pak;B3-4-4;;28;3,17
0013248;Senzor induktivni M8 PNP;kos;B6-2-9;;95;22,60
0013248;Senzor induktivni M8 PNP;kos;B5-5-2;;22;22,60
0013249;Mast litijeva EP2;kg;B9-1-8;L12-0826;109;28,45
0013249;Mast litijeva EP2;kg;B9-1-8;L77-3454;66;28,45
0013249;Mast litijeva EP2;kg;B9-1-8;L01-9380;143;28,45
0013250;Vijak šestrobi DIN 933 M12x20 črno;kos;K3-04-17;;422;1,19
0013251;O-tesnilo 69x4 FKM;kos;B8-3-10;L26-2067;96;0,27
0013251;O-tesnilo 69x4 FKM;kos;B8-3-10;L24-0049;262;0,27
0013251;O-tesnilo 69x4 FKM;kos;B8-3-10;L91-5478;178;0,27
0013259;Podložka DIN 125 M5 INOX A4;kos;B6-2-7;;2195;0,14
0013267;Vezice kabelske 4,8x200 mm (100 kos);pak;B6-4-10;;107;14,95
0013272;Olje reduktorsko CLP 100;l;K1-03-14;L87-2874;379,0;15,28
0013280;Vijak šestrobi DIN 933 M8x16 pocinkano;kos;B6-2-7;;4104;0,06
0013280;Vijak šestrobi DIN 933 M8x16 pocinkano;kos;B4-2-8;;4644;0,06
0013288;Mast za ležaje NLGI 2;kg;B4-1-2;L31-5274;73;5,15
0013291;Folija raztezna 23 my (6 rol);pak;K2-03-07;;75;15,06
0013292;Olje kompresorsko VDL 46;l;K1-04-01;L20-5493;279,7;5,82
0013292;Olje kompresorsko VDL 46;l;B2-5-7;L29-6685;390,6;5,82
0013292;Olje kompresorsko VDL 46;l;B2-5-7;L16-1227;133,5;5,82
0013295;Vijak šestrobi DIN 933 M5x40 črno;kos;K2-04-19;;409;0,15
0013303;Kabel NYY-J 3x1,5 mm2;m;K3-03-10;;58,9;0,76
0013303;Kabel NYY-J 3x1,5 mm2;m;B6-4-10;;76,8;0,76
0013310;O-tesnilo 27x2 FKM;kos;B4-2-7;;336;0,11
0013313;Matica DIN 934 M10 črno;kos;B7-2-8;;3041;0,37
0013315;Vezice kabelske 4,8x200 mm (100 kos);pak;B8-5-8;;55;6,76
0013317;Filter olja H728;kos;B2-5-6;;30;9,30
0013321;Rokavice zaščitne protiurezne vel. 8;par;K3-03-13;;457;14,22
0013323;Filter olja H252;kos;B7-1-8;;19;132,81
0013324;Olje hidravlično HLP 32;l;B9-3-3;L53-0463;333,9;7,08
0013324;Olje hidravlično HLP 32;l;B9-3-3;L74-5499;105,3;7,08
0013324;Olje hidravlično HLP 32;l;B9-3-3;L04-5301;315,8;7,08
0013333;Vijak šestrobi DIN 933 M5x100 črno;kos;B9-1-3;;2488;0,04
0013339;Lepilo za navoje nizko trdno 50 ml;kos;B6-3-2;L74-2684;11;27,60
0013344;Trak lepilni rjav 48 mm x 66 m (6 kos);pak;B9-1-5;;59;5,18
0013344;Trak lepilni rjav 48 mm x 66 m (6 kos);pak;B3-2-10;;96;5,18
0013352;O-tesnilo 84x4 FKM;kos;B9-1-5;;74;1,29
0013353;Ležaj kroglični 6001-2RS;kos;B1-3-8;;42;34,83
0013357;Cev PU fi 6 mm;m;K1-02-16;;32,2;2,17
0013365;Mast za ležaje NLGI 2;kg;B5-5-9;L14-5933;101;4,18
0013365;Mast za ležaje NLGI 2;kg;B5-5-9;L27-2795;3;4,18
0013365;Mast za ležaje NLGI 2;kg;B5-5-9;L68-7833;111;4,18
0013372;Krpe čistilne bombažne (10 kg);pak;K2-02-18;;52;14,42
0013380;Olje kompresorsko VDL 220;l;K1-03-10;L91-8785;173,8;8,64
0013386;Olje hidravlično HLP 68;l;K1-02-15;L19-1088;143,0;15,29
0013386;Olje hidravlično HLP 68;l;K1-02-15;L39-8225;179,6;15,29
0013386;Olje hidravlično HLP 68;l;K1-02-15;L87-1397;118,9;15,29
0013390;Mast za ležaje NLGI 2;kg;K2-04-12;L18-7072;169;10,73
0013390;Mast za ležaje NLGI 2;kg;K2-04-12;L86-7908;76;10,73
0013397;Cev PE fi 25 mm;m;K3-02-07;;18,6;11,33
0013405;Podložka DIN 125 M6 INOX A2;kos;B9-3-6;;3945;0,02
0013409;Olje hidravlično HLP 32;l;B4-2-3;L74-0640;27,0;5,18
0013409;Olje hidravlično HLP 32;l;B4-2-3;L39-1065;47,6;5,18
0013409;Olje hidravlično HLP 32;l;B4-2-3;L18-0170;50,4;5,18
0013418;Ležaj kroglični 6205-ZZ;kos;B1-5-8;;58;93,03
0013421;Trak lepilni rjav 48 mm x 66 m (6 kos);pak;B9-5-9;;97;13,00
0013423;Matica DIN 934 M5 pocinkano;kos;B3-3-1;;1386;0,10
0013428;Relej 24 V DC 2 preklopna kontakta;kos;B5-1-7;;2;2,20
0013428;Relej 24 V DC 2 preklopna kontakta;kos;B9-5-10;;88;2,20
0013433;Olje hidravlično HLP 32;l;B9-3-5;L46-2265;309,5;4,29
0013433;Olje hidravlično HLP 32;l;B9-3-5;L67-6618;173,7;4,29
0013433;Olje hidravlično HLP 32;l;B9-3-5;L25-1286;57,5;4,29
0013440;Cev silikonska fi 25 mm;m;B8-3-1;;3,0;18,75
0013449;Matica DIN 934 M5 INOX A4;kos;B4-2-9;;403;0,04
0013452;Lepilo za navoje srednje trdno 250 ml;kos;K2-01-03;L82-3004;71;43,23
0013452;Lepilo za navoje srednje trdno 250 ml;kos;K2-01-03;L78-6863;41;43,23
0013458;Vijak šestrobi DIN 933 M10x50 INOX A2;kos;B5-2-1;;3672;0,47
0013464;Filter hidravlični H894;kos;B1-4-8;;9;9,65
0013473;Olje reduktorsko CLP 46;l;K2-01-04;L37-5243;12,4;3,02
0013473;Olje reduktorsko CLP 46;l;K2-01-04;L10-6903;222,1;3,02
0013473;Olje reduktorsko CLP 46;l;K2-01-04;L31-1907;99,8;3,02
0013478;Relej 24 V DC 2 preklopna kontakta;kos;B1-5-9;;115;9,73
0013483;Lepilo za navoje nizko trdno 10 ml;kos;K2-04-06;L90-3067;77;14,95
0013483;Lepilo za navoje nizko trdno 10 ml;kos;K2-04-06;L38-3028;39;14,95
0013483;Lepilo za navoje nizko trdno 10 ml;kos;K2-04-06;L43-9599;74;14,95
0013486;Kontaktor 5,5 kW 230 V;kos;B3-1-1;;106;26,38
0013488;Matica DIN 934 M4 črno;kos;K1-01-07;;3399;0,54
0013497;Olje reduktorsko CLP 68;l;K1-01-01;L53-4283;171,7;8,18
0013497;Olje reduktorsko CLP 68;l;K1-01-01;L64-4089;60,1;8,18
0013506;Podložka DIN 125 M20 črno;kos;K2-01-12;;7855;0,02
0013507;Senzor induktivni M18 PNP;kos;B6-5-7;;96;0,70
0013512;Kabel LiYCY 3x2,5 mm2;m;B3-5-6;;250,9;2,10
0013517;Ležaj kroglični 6002-ZZ;kos;B2-2-10;;37;3,52
0013522;Lepilo za navoje visoko trdno 50 ml;kos;K3-01-11;L26-8705;59;28,97
0013530;Rokavice zaščitne usnjene vel. 8;par;K3-02-10;;248;11,42
0013537;Kabel NYY-J 2x0,75 mm2;m;B6-4-5;;21,3;11,99
0013542;Olje kompresorsko VDL 32;l;K3-02-04;L68-5662;214,7;9,23
0013542;Olje kompresorsko VDL 32;l;K2-02-05;L46-2873;8,6;9,23
0013542;Olje kompresorsko VDL 32;l;K2-02-05;L34-2708;384,4;9,23
0013551;Podložka DIN 125 M4 INOX A4;kos;K2-04-04;;5349;0,18
0013558;Lepilo za navoje srednje trdno 50 ml;kos;B9-5-8;L66-8826;33;34,07
0013558;Lepilo za navoje srednje trdno 50 ml;kos;B9-5-8;L34-3517;13;34,07
0013558;Lepilo za navoje srednje trdno 50 ml;kos;B9-5-8;L51-8304;37;34,07
0013558;Lepilo za navoje srednje trdno 50 ml;kos;B4-4-5;L69-9013;20;34,07
0013558;Lepilo za navoje srednje trdno 50 ml;kos;B4-4-5;L98-3735;53;34,07
0013561;Vijak šestrobi DIN 933 M12x16 pocinkano;kos;B3-1-2;;2705;0,50
0013566;Cev PVC fi 4 mm;m;K2-04-11;;104,3;1,57
0013573;Matica DIN 934 M10 pocinkano;kos;B2-2-8;;2014;0,04
0013574;O-tesnilo 75x4 EPDM;kos;K3-03-18;;213;0,12
0013582;Matica DIN 934 M8 INOX A2;kos;B6-1-2;;7566;0,05
0013591;Mast litijeva EP2;kg;K3-02-06;L40-3317;0;4,01
0013599;O-tesnilo 81x2,5 EPDM;kos;K3-02-18;L39-3638;87;0,37
0013599;O-tesnilo 81x2,5 EPDM;kos;K3-02-18;L54-6785;293;0,37
0013599;O-tesnilo 81x2,5 EPDM;kos;K3-02-18;L44-5877;50;0,37
0013606;Kontaktor 5,5 kW 230 V;kos;B7-3-6;;163;8,95
0013611;Filter hidravlični H379;kos;B7-5-10;;22;11,35
0013612;Varovalka 4 A gG;kos;K1-03-11;;167;12,28
0013614;Olje hidravlično HLP 220;l;B8-4-6;L17-5355;333,5;6,17
0013614;Olje hidravlično HLP 220;l;K3-01-06;L60-9320;152,7;6,17
0013618;Mast litijeva EP2;kg;B6-4-8;L48-9964;57;6,59
0013618;Mast litijeva EP2;kg;B6-4-8;L23-5369;127;6,59
0013618;Mast litijeva EP2;kg;B6-4-8;L37-8547;10;6,59
0013618;Mast litijeva EP2;kg;B8-2-7;L77-2522;54;6,59
0013618;Mast litijeva EP2;kg;B8-2-7;L87-2808;0;6,59
0013618;Mast litijeva EP2;kg;B8-2-7;L01-0062;164;6,59
0013625;Matica DIN 934 M10 črno;kos;K2-03-10;;1537;0,02
0013627;Lepilo za navoje srednje trdno 250 ml;kos;K2-03-14;L31-2038;36;6,84
0013627;Lepilo za navoje srednje trdno 250 ml;kos;K2-03-14;L75-0997;3;6,84
0013627;Lepilo za navoje srednje trdno 250 ml;kos;K2-03-14;L70-0886;69;6,84
0013632;Rokavice zaščitne protiurezne vel. 10;par;K3-04-20;;340;0,60
0013639;Krpe čistilne bombažne (10 kg);pak;K1-02-08;;6;3,02
0013643;Vijak šestrobi DIN 933 M10x35 črno;kos;B7-5-3;;257;0,08
0013647;Kontaktor 4 kW 230 V;kos;K3-02-11;;7;2,14
0013647;Kontaktor 4 kW 230 V;kos;B2-5-10;;86;2,14
0013652;Ležaj kroglični 6001-ZZ;kos;B2-1-6;;16;7,69
0013654;Filter hidravlični P549;kos;K2-04-03;;3;63,79
0013661;Kabel NYM-J 7x1,5 mm2;m;K1-01-03;;354,7;0,56
0013663;Matica DIN 934 M4 pocinkano;kos;B2-5-9;;7182;0,04
0013664;Mast za ležaje NLGI 2;kg;K3-02-06;L00-8484;173;11,37
0013664;Mast za ležaje NLGI 2;kg;K3-02-06;L08-6211;117;11,37
0013673;Kabel NYY-J 3x1,5 mm2;m;B2-2-10;;470,5;0,52
0013673;Kabel NYY-J 3x1,5 mm2;m;K2-04-18;;292,1;0,52
0013680;Mast silikonska;kg;B3-5-1;L82-3398;150;16,18
0013687;Olje kompresorsko VDL 68;l;B3-5-10;L45-4615;120,2;4,70
0013687;Olje kompresorsko VDL 68;l;B3-5-10;L67-9334;4,3;4,70
0013696;Lepilo za navoje nizko trdno 250 ml;kos;K2-03-03;L10-1666;26;8,03
0013696;Lepilo za navoje nizko trdno 250 ml;kos;K2-03-03;L87-0021;26;8,03
0013698;Kabel H07RN-F 5x4 mm2;m;K1-02-09;;474,8;2,02
0013704;Lepilo za navoje visoko trdno 50 ml;kos;B1-5-4;L76-5918;30;11,63
0013704;Lepilo za navoje visoko trdno 50 ml;kos;K1-03-18;L03-3974;43;11,63
0013711;Ležaj kroglični 6204-2RS;kos;B1-2-1;;10;53,50
0013711;Ležaj kroglični 6204-2RS;kos;B2-3-6;;38;53,50
0013717;Vijak šestrobi DIN 933 M4x20 INOX A2;kos;B6-2-9;;4592;0,07
0013721;Podložka DIN 125 M8 pocinkano;kos;B3-1-4;;6308;0,02
0013723;Kabel H07RN-F 3x2,5 mm2;m;B8-4-2;;356,3;1,88
0013725;Matica DIN 934 M6 INOX A2;kos;B8-4-8;;3618;0,36
0013729;Vijak šestrobi DIN 933 M8x50 INOX A4;kos;B2-1-5;;1085;0,70
0013738;Lepilo za navoje visoko trdno 10 ml;kos;K3-04-10;L01-4890;66;25,98
0013744;Mast silikonska;kg;B8-4-3;L25-0392;127;11,38
0013744;Mast silikonska;kg;B8-4-3;L61-4293;149;11,38
0013751;Rokavice zaščitne protiurezne vel. 7;par;K1-01-13;;323;1,21
0013758;Cev PU fi 16 mm;m;B2-4-7;;120,5;1,86
0013758;Cev PU fi 16 mm;m;B7-1-3;;69,8;1,86
0013765;Mast za ležaje NLGI 2;kg;K1-03-20;L96-8562;114;10,59
0013765;Mast za ležaje NLGI 2;kg;K1-03-20;L18-5016;166;10,59
0013767;Kabel NYM-J 3x2,5 mm2;m;K3-03-10;;187,5;7,83
0013769;Matica DIN 934 M5 INOX A4;kos;B5-1-2;;6204;0,01
0013774;Ležaj kroglični 6305-2RS;kos;K2-02-07;;0;94,50
0013779;O-tesnilo 110x2,5 FKM;kos;K3-04-02;L31-5999;394;3,62
0013779;O-tesnilo 110x2,5 FKM;kos;K3-04-02;L65-0477;208;3,62
0013779;O-tesnilo 110x2,5 FKM;kos;K3-04-02;L35-8662;375;3,62
0013783;Mast litijeva EP2;kg;K1-02-10;L96-1943;22;12,78
0013783;Mast litijeva EP2;kg;K1-02-10;L11-4262;49;12,78
0013790;Filter hidravlični H314;kos;B1-4-1;;9;21,57
0013795;Kontaktor 11 kW 230 V;kos;B9-2-4;;77;3,38
0013801;Lepilo za navoje srednje trdno 250 ml;kos;B4-1-8;L65-5110;78;29,20
0013801;Lepilo za navoje srednje trdno 250 ml;kos;B4-1-8;L47-5412;74;29,20
0013808;Cev PU fi 20 mm;m;K1-02-17;;93,4;0,99
0013813;Matica DIN 934 M6 pocinkano;kos;K3-01-08;;669;0,21
0013820;O-tesnilo 31x2 FKM;kos;B2-1-9;;215;1,14
0013820;O-tesnilo 31x2 FKM;kos;B8-3-8;;71;1,14
0013829;Cev silikonska fi 6 mm;m;B5-2-2;;89,5;2,90
0013837;Podložka DIN 125 M10 INOX A2;kos;B6-4-3;;7402;0,06
0013839;Krpe čistilne bombažne (10 kg);pak;B7-4-7;;59;9,23
0013847;Lepilo za navoje srednje trdno 250 ml;kos;K1-01-18;L12-6788;51;7,21
0013847;Lepilo za navoje srednje trdno 250 ml;kos;K1-01-18;L86-1015;23;7,21
0013847;Lepilo za navoje srednje trdno 250 ml;kos;K1-01-18;L81-9956;23;7,21
0013854;Mast za ležaje NLGI 2;kg;K2-03-13;L04-6618;62;31,09
0013854;Mast za ležaje NLGI 2;kg;K2-03-13;L39-8262;41;31,09
0013854;Mast za ležaje NLGI 2;kg;K2-03-13;L24-4472;161;31,09
0013863;O-tesnilo 90x1,5 EPDM;kos;K1-03-16;;67;1,49
0013869;Matica DIN 934 M5 INOX A4;kos;B5-2-3;;699;0,06
0013877;Cev PE fi 20 mm;m;B1-2-1;;28,9;13,64
0013883;Rokavice zaščitne protiurezne vel. 10;par;K2-02-12;;153;3,12
0013883;Rokavice zaščitne protiurezne vel. 10;par;K3-04-03;;175;3,12
0013886;Trak lepilni rjav 48 mm x 66 m (6 kos);pak;B3-3-8;;10;9,30
0013887;Rokavice zaščitne usnjene vel. 8;par;B1-4-6;;462;2,69
0013888;Trak lepilni rjav 48 mm x 66 m (6 kos);pak;B2-1-4;;49;4,48
0013892;Ležaj kroglični 6203-2RS;kos;B1-3-9;;43;6,77
0013892;Ležaj kroglični 6203-2RS;kos;B1-2-5;;7;6,77
0013895;Varovalka 4 A gG;kos;K3-02-12;;139;25,43
0013902;Cev PVC fi 10 mm;m;B4-3-8;;3,4;1,62
0013909;Ležaj kroglični 6205-2RS;kos;K3-03-16;;57;4,35
0013913;Cev PE fi 25 mm;m;K2-01-20;;123,8;20,80
0013913;Cev PE fi 25 mm;m;K2-03-13;;80,5;20,80
0013916;Kabel H07RN-F 5x4 mm2;m;K3-04-13;;499,5;5,81
0013924;Cev PU fi 4 mm;m;B3-3-8;;50,8;1,73
0013926;Vijak šestrobi DIN 933 M6x30 črno;kos;B5-1-10;;4949;0,08
0013934;Varovalka 6 A gG;kos;K3-03-14;;59;5,67
0013940;Kabel H07RN-F 3x1,5 mm2;m;K3-04-11;;183,2;2,56
0013947;Olje reduktorsko CLP 46;l;K1-03-14;L12-6464;58,9;6,13
0013947;Olje reduktorsko CLP 46;l;B2-3-2;L71-5437;243,7;6,13
0013956;Folija raztezna 23 my (6 rol);pak;K1-02-09;;55;2,66
0013956;Folija raztezna 23 my (6 rol);pak;B7-2-9;;37;2,66
0013964;Rokavice zaščitne nitril vel. 9;par;B8-2-9;;461;11,27
0013971;Olje kompresorsko VDL 220;l;K1-03-04;L99-3712;35,0;6,02
0013971;Olje kompresorsko VDL 220;l;K1-03-04;L40-6596;378,4;6,02
0013976;Lepilo za navoje nizko trdno 10 ml;kos;B8-4-10;L57-5692;72;18,28
0013976;Lepilo za navoje nizko trdno 10 ml;kos;B8-4-10;L45-9375;10;18,28
0013982;Podložka DIN 125 M20 INOX A2;kos;B1-2-4;;6231;0,02
0013990;Cev silikonska fi 20 mm;m;K1-03-12;;15,5;19,95
0013997;Vijak šestrobi DIN 933 M5x35 INOX A2;kos;B6-2-2;;2905;0,05
0014006;Senzor induktivni M18 PNP;kos;B5-5-9;;93;44,72
0014007;Senzor induktivni M18 PNP;kos;B6-1-4;;42;48,94
0014007;Senzor induktivni M18 PNP;kos;K3-01-07;;165;48,94
0014014;Cev PVC fi 10 mm;m;B9-4-8;;110,1;14,59
0014021;Lepilo za navoje visoko trdno 250 ml;kos;B2-5-2;L26-5479;45;13,75
0014021;Lepilo za navoje visoko trdno 250 ml;kos;B2-5-2;L35-6465;35;13,75
0014021;Lepilo za navoje visoko trdno 250 ml;kos;B2-5-2;L19-3982;51;13,75
0014026;Vijak šestrobi DIN 933 M6x40 pocinkano;kos;B9-3-8;;3580;0,03
0014029;Podložka DIN 125 M12 INOX A2;kos;B4-4-7;;9391;0,13
0014033;Podložka DIN 125 M8 pocinkano;kos;B4-5-7;;6797;0,16
0014041;Rokavice zaščitne protiurezne vel. 7;par;B7-1-1;;75;11,50
0014047;Vijak šestrobi DIN 933 M8x40 črno;kos;B2-2-3;;0;0,41
0014047;Vijak šestrobi DIN 933 M8x40 črno;kos;B6-3-3;;843;0,41
0014051;Olje hidravlično HLP 100;l;B6-3-3;L80-7374;248,5;8,49
0014051;Olje hidravlično HLP 100;l;B6-3-3;L16-7243;152,8;8,49
0014057;Kabel H07RN-F 3x2,5 mm2;m;B2-1-9;;83,0;4,07
0014058;Mast silikonska;kg;B3-5-3;L42-6617;72;9,88
0014062;Kabel H05VV-F 5x2,5 mm2;m;K1-04-18;;264,9;4,40
0014063;Rokavice zaščitne usnjene vel. 7;par;K1-01-05;;93;16,23
0014069;Cev silikonska fi 6 mm;m;B4-5-10;;118,1;9,12
0014078;Vijak šestrobi DIN 933 M6x40 pocinkano;kos;K2-02-12;;3705;0,08
0014080;Mast silikonska;kg;B4-3-5;L97-9688;28;13,51
0014080;Mast silikonska;kg;B4-3-5;L68-0589;8;13,51
0014080;Mast silikonska;kg;B4-3-5;L11-3529;84;13,51
0014087;Filter olja F836;kos;K3-04-17;;35;11,80
0014095;Matica DIN 934 M12 INOX A2;kos;K3-01-06;;7556;0,66
0014102;Rokavice zaščitne protiurezne vel. 11;par;B5-4-9;;99;16,05
0014104;Matica DIN 934 M12 INOX A2;kos;B8-3-7;;4826;0,29
0014104;Matica DIN 934 M12 INOX A2;kos;B3-4-1;;4933;0,29
0014113;Ležaj kroglični 6204-ZZ;kos;B3-3-10;;15;10,05
0014115;Cev PVC fi 25 mm;m;B7-1-4;;94,3;2,28
0014118;Lepilo za navoje visoko trdno 10 ml;kos;B1-4-6;L09-6561;16;27,03
0014118;Lepilo za navoje visoko trdno 10 ml;kos;B1-4-6;L01-4388;74;27,03
0014126;Rokavice zaščitne nitril vel. 10;par;B2-2-1;;225;1,62
0014130;Senzor induktivni M12 PNP;kos;B4-2-4;;87;1,83
0014137;Rokavice zaščitne usnjene vel. 9;par;K2-01-11;;209;7,90
0014146;Cev PVC fi 8 mm;m;B2-1-6;;94,7;2,34
0014149;Lepilo za navoje srednje trdno 50 ml;kos;B3-5-9;L89-9375;2;24,39
0014149;Lepilo za navoje srednje trdno 50 ml;kos;B3-5-9;L67-9825;74;24,39
0014149;Lepilo za navoje srednje trdno 50 ml;kos;B3-5-9;L07-1461;19;24,39
0014156;Cev PU fi 4 mm;m;B4-4-4;;106,5;1,10
0014162;Lepilo za navoje visoko trdno 10 ml;kos;B1-4-5;L12-5457;77;21,22
0014162;Lepilo za navoje visoko trdno 10 ml;kos;B1-4-5;L38-7571;49;21,22
0014164;Filter olja P491;kos;B8-3-7;;8;12,51
0014172;Rokavice zaščitne protiurezne vel. 11;par;K2-03-17;;106;1,29
0014175;Cev silikonska fi 20 mm;m;B7-4-4;;111,0;2,15
0014175;Cev silikonska fi 20 mm;m;B2-2-6;;5,0;2,15
0014182;Olje kompresorsko VDL 150;l;K2-04-09;L77-5140;309,4;6,73
0014182;Olje kompresorsko VDL 150;l;K2-04-09;L10-5123;270,7;6,73
0014182;Olje kompresorsko VDL 150;l;K2-04-09;L82-8258;75,0;6,73
0014185;Vijak šestrobi DIN 933 M20x30 pocinkano;kos;K3-03-19;;336;0,02
0014187;Matica DIN 934 M10 INOX A4;kos;K3-04-04;;7851;0,77
0014196;Filter olja P646;kos;B7-3-1;;23;22,02
0014205;Olje hidravlično HLP 220;l;B5-5-3;L67-3622;342,0;3,06
0014209;Podložka DIN 125 M8 INOX A4;kos;B9-4-3;;6355;0,03
0014212;Cev silikonska fi 6 mm;m;B3-5-7;;56,1;18,32
0014216;Relej 230 V AC 2 preklopna kontakta;kos;B1-3-7;;70;62,55
0014218;Olje hidravlično HLP 220;l;K3-03-06;L66-0937;60,9;7,60
0014218;Olje hidravlično HLP 220;l;K3-03-06;L96-6033;93,4;7,60
0014218;Olje hidravlično HLP 220;l;B2-5-2;L41-9182;397,8;7,60
0014222;Cev PVC fi 6 mm;m;B7-2-4;;20,5;1,43
0014231;Kabel NYY-J 7x1,5 mm2;m;B3-1-2;;320,1;0,99
0014234;Kabel NYY-J 5x2,5 mm2;m;K1-02-19;;421,7;3,14
0014237;Rokavice zaščitne nitril vel. 8;par;B2-1-5;;389;2,18
0014241;Rokavice zaščitne protiurezne vel. 10;par;B8-2-3;;292;6,64
0014248;Olje kompresorsko VDL 46;l;B7-2-3;L55-3714;260,9;4,64
0014248;Olje kompresorsko VDL 46;l;B7-2-3;L78-5969;299,9;4,64
0014252;Matica DIN 934 M6 pocinkano;kos;K1-03-15;;0;0,01
0014259;Rokavice zaščitne protiurezne vel. 8;par;K2-01-16;;204;3,07
0014260;Varovalka 10 A gG;kos;K2-01-07;;94;8,81
0014263;Olje reduktorsko CLP 32;l;B8-4-3;L69-1557;103,3;5,89
0014263;Olje reduktorsko CLP 32;l;B8-4-3;L92-4991;349,4;5,89
0014265;O-tesnilo 43x3 FKM;kos;K3-02-17;;334;0,23
0014265;O-tesnilo 43x3 FKM;kos;K2-03-13;;242;0,23
0014273;Vijak šestrobi DIN 933 M12x10 črno;kos;B1-1-6;;3343;0,09
0014279;Vijak šestrobi DIN 933 M5x35 črno;kos;B4-1-8;;106;0,05
0014282;Filter hidravlični H331;kos;B8-3-4;;18;24,00
0014284;Mast silikonska;kg;B8-2-3;L25-1341;51;26,47
0014286;Ležaj kroglični 6201-2RS;kos;B7-4-10;;13;5,44
0014294;Rokavice zaščitne usnjene vel. 7;par;B3-4-1;;419;2,51
0014303;Varovalka 25 A gG;kos;B8-1-3;;14;22,63
0014303;Varovalka 25 A gG;kos;K1-04-03;;153;22,63
0014304;Cev silikonska fi 12 mm;m;B9-4-10;;39,2;2,04
0014304;Cev silikonska fi 12 mm;m;B6-1-4;;54,9;2,04
0014308;Rokavice zaščitne usnjene vel. 8;par;B3-1-6;;195;3,01
0014312;Folija raztezna 23 my (6 rol);pak;B1-4-10;;55;2,60
0014312;Folija raztezna 23 my (6 rol);pak;B6-4-1;;111;2,60
0014313;Cev silikonska fi 12 mm;m;B5-3-8;;105,4;8,14
0014320;Rokavice zaščitne nitril vel. 9;par;B8-1-10;;58;0,87
0014323;Vijak šestrobi DIN 933 M4x10 INOX A4;kos;K3-01-12;;4074;0,05
0014329;Kabel LiYCY 2x0,75 mm2;m;K2-02-16;;297,0;0,50
0014329;Kabel LiYCY 2x0,75 mm2;m;B3-4-4;;496,3;0,50
0014335;Ležaj kroglični 6308-ZZ;kos;B3-1-9;;8;7,00
0014336;Lepilo za navoje nizko trdno 10 ml;kos;B3-1-2;L25-2866;39;8,85
0014336;Lepilo za navoje nizko trdno 10 ml;kos;B3-1-2;L92-9662;26;8,85
0014336;Lepilo za navoje nizko trdno 10 ml;kos;B3-1-2;L78-2827;20;8,85
0014337;Podložka DIN 125 M8 črno;kos;K2-03-04;;7447;0,08
0014339;Cev PVC fi 25 mm;m;K1-04-06;;57,1;3,21
0014342;O-tesnilo 10x4 NBR;kos;B9-1-8;;267;1,97
0014344;Podložka DIN 125 M20 črno;kos;K3-01-12;;2721;0,08
0014348;Lepilo za navoje nizko trdno 10 ml;kos;K1-01-17;L42-2579;39;35,27
0014348;Lepilo za navoje nizko trdno 10 ml;kos;K1-01-17;L05-0723;38;35,27
0014348;Lepilo za navoje nizko trdno 10 ml;kos;K1-01-17;L68-8767;71;35,27
0014350;Podložka DIN 125 M8 pocinkano;kos;K3-03-05;;2278;0,07
0014355;Trak lepilni rjav 48 mm x 66 m (6 kos);pak;B5-2-6;;0;10,48
0014361;Rokavice zaščitne protiurezne vel. 9;par;K2-02-13;;311;1,81
0014367;Vijak šestrobi DIN 933 M4x30 INOX A2;kos;B6-2-3;;4828;0,54
0014369;Kontaktor 11 kW 230 V;kos;B6-3-6;;193;25,59
0014376;Podložka DIN 125 M20 INOX A2;kos;B4-1-2;;3073;0,15
0014384;Podložka DIN 125 M6 INOX A2;kos;B4-4-5;;2769;0,08
0014387;Krpe čistilne bombažne (10 kg);pak;B3-5-7;;117;12,19
0014394;Matica DIN 934 M6 pocinkano;kos;B1-3-2;;0;0,15
0014395;Podložka DIN 125 M8 pocinkano;kos;K3-01-05;;1842;0,03
0014404;Kontaktor 7,5 kW 230 V;kos;K1-01-05;;123;4,62
0014407;Ležaj kroglični 6000-ZZ;kos;B1-5-6;;57;27,78
0014407;Ležaj kroglični 6000-ZZ;kos;B3-1-6;;59;27,78
0014411;Vijak šestrobi DIN 933 M8x35 črno;kos;B5-4-2;;970;0,04
0014419;Podložka DIN 125 M5 INOX A2;kos;B8-2-6;;6006;0,01
0014421;Vijak šestrobi DIN 933 M6x16 črno;kos;B9-4-6;;2520;0,22
0014426;Kabel NYM-J 3x2,5 mm2;m;B6-3-2;;63,5;10,28
0014427;Folija raztezna 23 my (6 rol);pak;B4-1-2;;62;16,54
0014427;Folija raztezna 23 my (6 rol);pak;B8-5-10;;55;16,54
0014432;Podložka DIN 125 M5 INOX A4;kos;B8-5-5;;7985;0,39
0014439;Lepilo za navoje nizko trdno 50 ml;kos;B6-1-2;L67-7219;69;7,93
0014439;Lepilo za navoje nizko trdno 50 ml;kos;B6-1-2;L03-4043;69;7,93
0014439;Lepilo za navoje nizko trdno 50 ml;kos;B6-1-2;L84-2797;50;7,93
0014441;Lepilo za navoje nizko trdno 50 ml;kos;B5-3-5;L88-1914;27;17,35
0014442;Kabel NYY-J 4x1,5 mm2;m;B2-2-2;;115,1;11,97
0014447;Mast litijeva EP2;kg;B9-4-2;L85-8078;36;26,22
0014449;Varovalka 25 A gG;kos;B2-1-6;;19;13,84
0014457;Folija raztezna 23 my (6 rol);pak;B2-4-1;;0;1,33
0014464;Podložka DIN 125 M6 črno;kos;B7-1-7;;7374;0,16
0014465;O-tesnilo 19x2 NBR;kos;B4-3-8;L36-1340;353;2,79
0014465;O-tesnilo 19x2 NBR;kos;B4-3-8;L74-5171;237;2,79
0014465;O-tesnilo 19x2 NBR;kos;K1-04-06;;297;2,79
0014474;O-tesnilo 95x2 FKM;kos;B2-5-5;;69;3,41
0014478;Cev PVC fi 10 mm;m;K2-03-03;;142,8;2,94
0014486;Mast za ležaje NLGI 2;kg;B8-4-10;L33-9596;50;17,39
0014486;Mast za ležaje NLGI 2;kg;B8-4-10;L29-2330;27;17,39
0014488;Kabel NYY-J 7x1,5 mm2;m;B6-4-9;;490,1;7,95
0014488;Kabel NYY-J 7x1,5 mm2;m;B4-2-7;;154,7;7,95
0014497;Ležaj kroglični 6308-2RS;kos;K2-03-14;;31;7,74
0014497;Ležaj kroglični 6308-2RS;kos;K2-03-09;;20;7,74
0014498;Kabel LiYCY 4x1,5 mm2;m;B9-1-1;;80,7;2,22
0014504;Cev PVC fi 8 mm;m;K1-02-19;;60,4;0,87
0014507;Podložka DIN 125 M20 pocinkano;kos;B5-4-8;;2738;0,26
0014507;Podložka DIN 125 M20 pocinkano;kos;B5-3-1;;8673;0,26
0014513;Mast litijeva EP2;kg;B9-5-2;L95-8498;100;8,58
0014513;Mast litijeva EP2;kg;B9-5-2;L25-4494;157;8,58
0014513;Mast litijeva EP2;kg;B9-5-2;L81-2604;40;8,58
0014521;Matica DIN 934 M4 INOX A2;kos;B2-4-10;;1490;0,31
0014526;Podložka DIN 125 M5 INOX A4;kos;B2-3-3;;4326;0,08
0014534;O-tesnilo 102x3 EPDM;kos;K2-03-13;;151;3,32
0014541;Cev PU fi 25 mm;m;B7-3-2;;104,6;2,70
0014549;O-tesnilo 117x1,5 EPDM;kos;B6-1-1;L22-3253;86;4,11
0014549;O-tesnilo 117x1,5 EPDM;kos;K2-03-05;;119;4,11
0014556;Krpe čistilne bombažne (10 kg);pak;K1-02-10;;60;11,47
0014558;Matica DIN 934 M6 pocinkano;kos;B9-5-4;;2699;0,62
0014564;Lepilo za navoje visoko trdno 10 ml;kos;B6-4-6;L67-2946;61;24,70
0014564;Lepilo za navoje visoko trdno 10 ml;kos;B6-4-6;L67-1168;28;24,70
0014564;Lepilo za navoje visoko trdno 10 ml;kos;B6-4-6;L45-7759;5;24,70
0014571;Vijak šestrobi DIN 933 M12x35 črno;kos;B1-3-4;;2260;0,05
0014576;Rokavice zaščitne nitril vel. 7;par;B2-4-4;;439;0,97
0014585;Ležaj kroglični 6308-ZZ;kos;B9-4-9;;13;6,43
0014585;Ležaj kroglični 6308-ZZ;kos;B8-1-1;;31;6,43
0014594;Senzor induktivni M12 PNP;kos;K3-01-02;;149;26,40
0014597;Kabel LiYCY 2x0,75 mm2;m;B4-1-2;;333,9;0,61
0014602;Olje kompresorsko VDL 32;l;B3-3-9;L01-7518;40,9;18,55
0014602;Olje kompresorsko VDL 32;l;B3-3-9;L63-6374;306,4;18,55
0014602;Olje kompresorsko VDL 32;l;B3-3-9;L54-5892;173,1;18,55
0014611;Filter zraka P486;kos;B4-5-6;;1;10,27
0014617;Vezice kabelske 4,8x200 mm (100 kos);pak;K1-04-05;;64;1,27
0014625;Cev silikonska fi 16 mm;m;K2-01-06;;37,0;2,57
0014633;Cev PE fi 8 mm;m;B9-5-7;;142,0;5,00
0014640;Rokavice zaščitne usnjene vel. 11;par;B3-1-2;;116;14,57
0014642;Rokavice zaščitne nitril vel. 11;par;K3-02-09;;43;14,31
0014642;Rokavice zaščitne nitril vel. 11;par;K2-02-08;;226;14,31
0014646;Filter olja P490;kos;B3-3-8;;30;7,32
0014653;Krpe čistilne bombažne (10 kg);pak;B5-3-10;;85;1,23
0014658;O-tesnilo 112x3 EPDM;kos;B9-3-5;L97-5001;196;0,21
0014667;Vezice kabelske 4,8x200 mm (100 kos);pak;B9-5-1;;25;3,72
0014674;Trak lepilni rjav 48 mm x 66 m (6 kos);pak;B3-4-2;;94;17,91
0014677;Cev PE fi 8 mm;m;B3-3-10;;81,2;3,41
0014677;Cev PE fi 8 mm;m;K1-04-07;;54,2;3,41
0014686;Podložka DIN 125 M12 INOX A2;kos;B1-2-2;;9007;0,01
0014686;Podložka DIN 125 M12 INOX A2;kos;K3-02-14;;6365;0,01
0014687;Relej 230 V AC 2 preklopna kontakta;kos;B5-3-8;;63;1,03
0014694;Filter olja P152;kos;K3-02-13;;7;12,50
0014696;Mast silikonska;kg;B6-2-9;L70-1277;54;5,27
0014696;Mast silikonska;kg;B6-2-9;L06-3242;126;5,27
0014696;Mast silikonska;kg;B4-4-5;L41-5415;161;5,27
0014696;Mast silikonska;kg;B4-4-5;L20-6436;176;5,27
0014703;Cev PE fi 25 mm;m;B1-2-1;;130,2;11,66
0014704;Matica DIN 934 M12 INOX A4;kos;K2-02-10;;2184;0,09
0014706;Ležaj kroglični 6305-2RS;kos;B4-1-7;;58;20,53
0014710;Vijak šestrobi DIN 933 M12x16 INOX A2;kos;B3-3-10;;803;0,03
0014716;Senzor induktivni M18 PNP;kos;B4-5-8;;184;3,68
0014721;Cev PVC fi 12 mm;m;K1-03-10;;123,1;1,39
0014726;Vezice kabelske 4,8x200 mm (100 kos);pak;B9-4-10;;115;9,81
0014728;Mast litijeva EP2;kg;B6-1-10;L11-0371;166;29,63
0014728;Mast litijeva EP2;kg;B6-1-10;L29-3870;136;29,63
0014734;Cev PVC fi 6 mm;m;B4-5-1;;135,5;1,45
0014740;Kabel H07RN-F 7x1,5 mm2;m;B1-2-2;;264,4;1,12
0014740;Kabel H07RN-F 7x1,5 mm2;m;B7-4-7;;316,8;1,12
0014745;Lepilo za navoje srednje trdno 250 ml;kos;K3-01-13;L05-1627;54;9,30
0014745;Lepilo za navoje srednje trdno 250 ml;kos;K3-01-13;L13-6111;56;9,30
0014745;Lepilo za navoje srednje trdno 250 ml;kos;K3-01-13;L55-4262;41;9,30
0014749;Ležaj kroglični 6000-ZZ;kos;B9-4-2;;39;18,15
0014755;Lepilo za navoje visoko trdno 10 ml;kos;K3-03-10;L21-8909;60;19,17
0014755;Lepilo za navoje visoko trdno 10 ml;kos;K3-03-10;L27-5326;52;19,17
0014755;Lepilo za navoje visoko trdno 10 ml;kos;K3-03-10;L97-3112;69;19,17
0014764;Vijak šestrobi DIN 933 M12x80 pocinkano;kos;B9-3-6;;3329;0,03
0014764;Vijak šestrobi DIN 933 M12x80 pocinkano;kos;B7-1-9;;4095;0,03
0014765;Cev PE fi 25 mm;m;B3-3-5;;22,0;4,10
0014766;Ležaj kroglični 6000-2RS;kos;B9-5-7;;47;5,53
0014772;Trak lepilni rjav 48 mm x 66 m (6 kos);pak;B6-2-6;;7;28,03
0014777;Matica DIN 934 M10 INOX A4;kos;B8-4-9;;1228;0,22
0014785;Matica DIN 934 M6 INOX A4;kos;B9-3-4;;4374;0,48
0014794;Ležaj kroglični 6305-ZZ;kos;B7-3-10;;6;31,05
0014799;Filter olja P184;kos;B5-5-9;;14;16,21
0014801;Matica DIN 934 M20 pocinkano;kos;K1-02-10;;956;0,03
0014807;Ležaj kroglični 6305-ZZ;kos;K1-01-15;;7;43,09
0014810;Ležaj kroglični 6203-ZZ;kos;K1-04-16;;5;87,49
0014815;Cev PU fi 12 mm;m;B3-1-5;;23,5;18,73
0014819;Vijak šestrobi DIN 933 M20x16 INOX A4;kos;K1-01-14;;4558;0,02
0014821;Kabel H05VV-F 3x1,5 mm2;m;K1-04-11;;303,9;0,61
0014823;Vijak šestrobi DIN 933 M16x100 črno;kos;B4-4-1;;4093;0,05
0014832;Cev PVC fi 4 mm;m;B5-3-5;;118,8;6,81
0014837;Ležaj kroglični 6001-2RS;kos;B9-2-5;;47;8,69
0014842;Mast litijeva EP2;kg;K3-03-03;L19-6565;1;5,88
0014842;Mast litijeva EP2;kg;K3-03-03;L23-4138;129;5,88
0014842;Mast litijeva EP2;kg;K3-03-03;L99-9404;160;5,88
0014850;Varovalka 6 A gG;kos;K1-01-17;;0;0,93
0014858;Cev PE fi 4 mm;m;B2-3-9;;2,9;1,44
0014864;Mast silikonska;kg;K1-02-14;L38-9836;75;4,01
0014868;Olje kompresorsko VDL 46;l;B3-1-3;L40-3761;201,9;11,56
0014868;Olje kompresorsko VDL 46;l;B3-1-3;L37-9180;224,5;11,56
0014868;Olje kompresorsko VDL 46;l;B3-1-3;L55-2696;200,2;11,56
0014873;Kabel H05VV-F 2x0,75 mm2;m;B7-5-2;;489,0;7,42
0014881;Matica DIN 934 M10 pocinkano;kos;B5-3-6;;4178;0,02
0014882;Ležaj kroglični 6305-ZZ;kos;B4-5-9;;7;11,46
0014887;Rokavice zaščitne protiurezne vel. 11;par;K2-01-10;;367;12,78
0014893;Cev silikonska fi 12 mm;m;K2-01-03;;94,1;2,23
0014893;Cev silikonska fi 12 mm;m;B8-1-2;;72,0;2,23
0014898;Matica DIN 934 M4 črno;kos;B4-1-4;;5542;0,65
0014898;Matica DIN 934 M4 črno;kos;K2-01-06;;629;0,65
0014903;Vijak šestrobi DIN 933 M20x10 INOX A2;kos;B2-1-5;;0;0,07
0014909;Rokavice zaščitne nitril vel. 7;par;B6-5-1;;584;1,41
0014912;Matica DIN 934 M10 INOX A2;kos;K2-04-10;;363;0,88
0014920;Kabel H07RN-F 7x1,5 mm2;m;B9-1-9;;215,0;4,28
0014925;Lepilo za navoje visoko trdno 10 ml;kos;B7-4-1;L58-2710;26;18,69
0014930;Podložka DIN 125 M16 INOX A2;kos;K2-03-11;;7258;0,03
0014930;Podložka DIN 125 M16 INOX A2;kos;K3-02-14;;5232;0,03
0014939;Rokavice zaščitne protiurezne vel. 9;par;B9-4-1;;582;2,95
0014940;Filter olja F873;kos;B5-5-9;;40;7,99
0014949;Lepilo za navoje visoko trdno 10 ml;kos;B9-2-3;L91-0430;67;27,49
0014949;Lepilo za navoje visoko trdno 10 ml;kos;B9-2-3;L06-8486;7;27,49
0014951;Vijak šestrobi DIN 933 M10x80 pocinkano;kos;B6-5-8;;548;0,09
0014951;Vijak šestrobi DIN 933 M10x80 pocinkano;kos;K2-03-10;;4234;0,09
0014952;Kontaktor 5,5 kW 230 V;kos;B4-1-9;;2;38,10
0014960;Lepilo za navoje nizko trdno 10 ml;kos;K3-01-09;L66-1889;61;7,56
0014960;Lepilo za navoje nizko trdno 10 ml;kos;B3-3-4;L24-1418;8;7,56
0014960;Lepilo za navoje nizko trdno 10 ml;kos;B3-3-4;L32-8569;39;7,56
0014960;Lepilo za navoje nizko trdno 10 ml;kos;B3-3-4;L14-6303;24;7,56
0014964;Vezice kabelske 4,8x200 mm (100 kos);pak;K3-04-04;;82;19,18
0014965;Podložka DIN 125 M6 INOX A2;kos;K2-02-10;;4842;0,02
0014967;Lepilo za navoje visoko trdno 50 ml;kos;B3-1-10;L16-1799;37;23,04
0014967;Lepilo za navoje visoko trdno 50 ml;kos;B3-1-10;L04-2102;73;23,04
0014974;Vijak šestrobi DIN 933 M10x10 črno;kos;B3-5-3;;2318;0,02
0014975;Podložka DIN 125 M12 INOX A2;kos;B8-5-10;;2580;0,04
0014981;Rokavice zaščitne protiurezne vel. 11;par;B3-5-4;;320;1,90
0014988;Matica DIN 934 M20 črno;kos;B4-4-5;;6452;0,76
0014997;O-tesnilo 21x2,5 EPDM;kos;K3-02-03;;20;3,76
0015000;Ležaj kroglični 6001-2RS;kos;B7-4-2;;52;18,20
0015004;Matica DIN 934 M6 črno;kos;B2-2-6;;406;0,30
0015006;Mast za ležaje NLGI 2;kg;B4-3-9;L02-7588;35;15,67
0015006;Mast za ležaje NLGI 2;kg;B4-3-9;L42-5241;147;15,67
0015006;Mast za ležaje NLGI 2;kg;B4-3-9;L05-6481;51;15,67
0015011;Mast za ležaje NLGI 2;kg;B4-2-6;L49-1778;50;18,44
0015011;Mast za ležaje NLGI 2;kg;B4-2-6;L50-7925;7;18,44
0015011;Mast za ležaje NLGI 2;kg;B4-2-6;L24-1913;172;18,44
0015013;Ležaj kroglični 6000-2RS;kos;B9-2-8;;22;66,79
0015016;Rokavice zaščitne protiurezne vel. 11;par;K2-03-15;;375;3,24
0015025;Folija raztezna 23 my (6 rol);pak;K3-02-11;;11;17,92
0015028;Filter hidravlični H203;kos;K3-01-06;;19;7,41
0015033;Cev PE fi 6 mm;m;B6-5-5;;107,0;14,42
0015042;O-tesnilo 56x4 NBR;kos;K2-04-07;;139;0,72
0015043;Vijak šestrobi DIN 933 M12x35 INOX A4;kos;B2-2-1;;2750;0,05
0015044;Ležaj kroglični 6205-2RS;kos;K3-01-15;;3;50,02
0015050;Matica DIN 934 M16 pocinkano;kos;B3-4-3;;391;0,54
0015058;Olje hidravlično HLP 220;l;B5-4-4;L80-0030;321,2;5,09
0015062;Olje kompresorsko VDL 100;l;K2-02-16;L75-6220;285,8;9,97
0015062;Olje kompresorsko VDL 100;l;K2-02-16;L86-3536;288,2;9,97
0015069;Olje hidravlično HLP 32;l;B8-3-7;L54-1951;24,7;6,08
0015069;Olje hidravlično HLP 32;l;B8-3-7;L80-2380;38,6;6,08
0015070;Ležaj kroglični 6204-2RS;kos;B6-1-6;;12;92,20
0015070;Ležaj kroglični 6204-2RS;kos;B2-1-9;;39;92,20
0015074;O-tesnilo 21x4 FKM;kos;B2-3-9;;366;0,55
0015074;O-tesnilo 21x4 FKM;kos;B6-1-7;;117;0,55
0015082;Kontaktor 7,5 kW 230 V;kos;K2-02-05;;106;5,85
0015090;O-tesnilo 15x2 NBR;kos;B7-2-3;;195;2,38
0015093;Vijak šestrobi DIN 933 M8x100 črno;kos;B3-2-7;;2264;0,37
0015098;Lepilo za navoje visoko trdno 50 ml;kos;B6-4-6;L61-7445;50;31,77
0015098;Lepilo za navoje visoko trdno 50 ml;kos;K3-01-15;L18-7053;24;31,77
0015105;Olje hidravlično HLP 220;l;B8-1-7;L49-4937;138,7;4,64
0015105;Olje hidravlično HLP 220;l;B8-1-7;L59-7383;372,6;4,64
0015105;Olje hidravlično HLP 220;l;B8-1-7;L20-6038;309,5;4,64
0015109;Filter zraka H843;kos;B9-4-8;;4;79,25
0015111;Olje reduktorsko CLP 220;l;K2-01-18;L50-5064;315,9;16,57
0015111;Olje reduktorsko CLP 220;l;K2-01-18;L13-8367;67,5;16,57
0015111;Olje reduktorsko CLP 220;l;K2-01-18;L02-4103;192,4;16,57
0015115;Podložka DIN 125 M4 INOX A4;kos;B2-4-8;;4946;0,19
0015121;Lepilo za navoje visoko trdno 10 ml;kos;K3-04-06;L86-5719;78;20,74
0015121;Lepilo za navoje visoko trdno 10 ml;kos;K3-04-06;L18-2619;0;20,74
0015121;Lepilo za navoje visoko trdno 10 ml;kos;K3-04-06;L90-6234;42;20,74
0015126;Folija raztezna 23 my (6 rol);pak;B1-1-10;;82;5,36
0015126;Folija raztezna 23 my (6 rol);pak;K1-02-08;;8;5,36
0015128;O-tesnilo 119x4 EPDM;kos;B4-4-5;;258;0,28
0015128;O-tesnilo 119x4 EPDM;kos;B6-2-5;L45-6557;321;0,28
0015128;O-tesnilo 119x4 EPDM;kos;B6-2-5;L43-1329;124;0,28
0015128;O-tesnilo 119x4 EPDM;kos;B6-2-5;L12-1277;24;0,28
0015131;Rokavice zaščitne protiurezne vel. 10;par;B5-4-4;;273;4,31
0015131;Rokavice zaščitne protiurezne vel. 10;par;B2-2-3;;371;4,31
0015140;Varovalka 2 A gG;kos;B2-3-10;;175;5,28
0015140;Varovalka 2 A gG;kos;B5-5-3;;73;5,28
0015143;Vijak šestrobi DIN 933 M12x60 INOX A4;kos;K3-03-18;;2458;0,09
0015144;Podložka DIN 125 M12 pocinkano;kos;K2-04-16;;5229;0,03
0015153;Varovalka 32 A gG;kos;K3-03-15;;58;11,34
0015162;Lepilo za navoje nizko trdno 250 ml;kos;B3-3-5;L56-1853;78;26,33
0015162;Lepilo za navoje nizko trdno 250 ml;kos;B3-3-5;L74-7411;68;26,33
0015162;Lepilo za navoje nizko trdno 250 ml;kos;B3-3-5;L24-9035;41;26,33
0015167;Ležaj kroglični 6305-ZZ;kos;B8-3-1;;8;70,83
0015171;Mast silikonska;kg;B2-4-2;L21-3568;93;34,54
0015171;Mast silikonska;kg;B2-4-2;L04-4206;155;34,54
0015171;Mast silikonska;kg;B2-4-2;L78-8317;108;34,54
0015175;Lepilo za navoje srednje trdno 250 ml;kos;K2-04-09;L12-1003;37;9,83
0015175;Lepilo za navoje srednje trdno 250 ml;kos;K2-04-09;L23-6519;16;9,83
0015175;Lepilo za navoje srednje trdno 250 ml;kos;K2-04-09;L94-1013;54;9,83
0015184;Podložka DIN 125 M20 INOX A2;kos;B1-2-6;;9186;0,28
0015192;Varovalka 2 A gG;kos;B3-4-6;;100;13,42
0015199;Kabel H07RN-F 4x1,5 mm2;m;B7-1-1;;276,7;4,58
0015201;Senzor induktivni M12 PNP;kos;B9-5-7;;35;9,93
0015204;Relej 24 V DC 2 preklopna kontakta;kos;B7-3-9;;151;12,36
0015209;Filter zraka F404;kos;K2-01-01;;28;25,87
0015209;Filter zraka F404;kos;K2-01-08;;12;25,87
0015212;Vijak šestrobi DIN 933 M8x35 INOX A4;kos;B3-1-2;;2408;0,27
0015217;Mast za ležaje NLGI 2;kg;B6-2-6;L72-1510;171;6,62
0015222;Podložka DIN 125 M5 INOX A2;kos;B4-3-3;;8944;0,08
0015231;Filter zraka F600;kos;B5-1-9;;29;80,12
0015231;Filter zraka F600;kos;B6-4-9;;19;80,12
0015233;Senzor induktivni M12 PNP;kos;B6-4-6;;91;1,53
0015235;Kontaktor 5,5 kW 230 V;kos;K3-02-16;;19;5,29
0015241;Vijak šestrobi DIN 933 M16x12 INOX A4;kos;K3-02-12;;115;0,05
0015245;Podložka DIN 125 M16 INOX A2;kos;B4-1-6;;8238;0,12
0015250;Podložka DIN 125 M8 pocinkano;kos;B5-2-10;;9237;0,33
0015254;Relej 230 V AC 2 preklopna kontakta;kos;B5-5-1;;169;9,08
0015257;O-tesnilo 112x2 FKM;kos;K3-02-16;;251;1,18
0015262;Matica DIN 934 M8 pocinkano;kos;B6-5-5;;2126;0,76
0015269;Matica DIN 934 M6 črno;kos;B8-1-6;;6438;0,74
0015277;Krpe čistilne bombažne (10 kg);pak;B1-3-10;;114;9,11
0015284;Vijak šestrobi DIN 933 M12x25 INOX A4;kos;B9-4-6;;2248;0,13
0015292;Senzor induktivni M12 PNP;kos;B4-3-1;;29;3,22
0015298;Podložka DIN 125 M4 pocinkano;kos;B7-5-2;;906;0,19
0015298;Podložka DIN 125 M4 pocinkano;kos;B8-2-2;;3351;0,19
0015301;Krpe čistilne bombažne (10 kg);pak;B4-2-6;;28;21,81
0015310;Varovalka 4 A gG;kos;B1-5-4;;59;5,14
0015314;Vijak šestrobi DIN 933 M10x100 pocinkano;kos;B9-2-1;;2261;0,78
0015316;Matica DIN 934 M5 črno;kos;K2-02-05;;6128;0,01
0015323;Ležaj kroglični 6305-ZZ;kos;B1-3-4;;7;46,68
0015328;Rokavice zaščitne protiurezne vel. 10;par;B5-3-8;;504;2,16
0015333;Senzor induktivni M8 PNP;kos;K2-02-10;;148;16,24
0015334;Cev PU fi 25 mm;m;K3-03-09;;130,0;2,73
0015336;Matica DIN 934 M6 INOX A2;kos;B6-1-6;;6965;0,49
0015344;Olje kompresorsko VDL 150;l;K1-03-16;L70-2966;62,6;11,69
0015344;Olje kompresorsko VDL 150;l;K1-03-16;L70-6625;283,2;11,69
0015344;Olje kompresorsko VDL 150;l;K1-03-16;L32-4472;167,5;11,69
0015344;Olje kompresorsko VDL 150;l;B6-1-9;L09-9934;310,2;11,69
0015344;Olje kompresorsko VDL 150;l;B6-1-9;L76-8701;201,1;11,69
0015353;Mast za ležaje NLGI 2;kg;K1-02-03;L46-2638;21;34,69
0015353;Mast za ležaje NLGI 2;kg;K1-02-03;L38-0657;109;34,69
0015353;Mast za ležaje NLGI 2;kg;K1-02-03;L87-5985;97;34,69
0015356;Filter zraka F632;kos;B9-5-9;;28;60,49
0015364;Podložka DIN 125 M20 INOX A2;kos;B9-1-9;;4920;0,16
0015369;Olje reduktorsko CLP 150;l;B4-2-10;L64-2059;329,8;15,19
0015369;Olje reduktorsko CLP 150;l;B4-2-10;L30-4078;293,6;15,19
0015369;Olje reduktorsko CLP 150;l;B4-2-10;L59-3213;248,6;15,19
0015374;Mast za ležaje NLGI 2;kg;B3-4-9;L34-8039;3;6,43
0015374;Mast za ležaje NLGI 2;kg;B3-4-9;L65-2239;46;6,43
0015374;Mast za ležaje NLGI 2;kg;B3-4-9;L55-9059;18;6,43
0015375;O-tesnilo 94x2 NBR;kos;B7-4-9;L92-9378;85;1,31
0015375;O-tesnilo 94x2 NBR;kos;B7-4-9;L42-7010;330;1,31
0015375;O-tesnilo 94x2 NBR;kos;B7-4-9;L39-3087;120;1,31
0015381;Rokavice zaščitne nitril vel. 8;par;B9-4-7;;422;1,53
0015386;Olje kompresorsko VDL 220;l;B4-1-7;L05-9325;231,8;9,52
0015386;Olje kompresorsko VDL 220;l;B4-1-7;L25-0029;327,4;9,52
0015386;Olje kompresorsko VDL 220;l;B3-1-6;L21-8515;136,2;9,52
0015386;Olje kompresorsko VDL 220;l;B3-1-6;L69-1545;350,5;9,52
0015386;Olje kompresorsko VDL 220;l;B3-1-6;L22-6752;114,5;9,52
0015394;Ležaj kroglični 6002-2RS;kos;B2-5-4;;10;46,47
0015397;Mast litijeva EP2;kg;B2-1-4;L89-5392;121;8,28
0015397;Mast litijeva EP2;kg;B2-1-4;L64-4220;129;8,28
0015399;Ležaj kroglični 6206-ZZ;kos;K1-02-16;;21;12,16
0015408;Matica DIN 934 M8 INOX A2;kos;B3-5-7;;4114;0,70
0015413;Rokavice zaščitne nitril vel. 11;par;B4-4-3;;487;12,80
0015419;Relej 24 V DC 2 preklopna kontakta;kos;B1-2-1;;50;0,99
0015420;Lepilo za navoje visoko trdno 50 ml;kos;B6-1-10;L96-9029;5;7,25
0015425;Rokavice zaščitne usnjene vel. 10;par;B6-1-10;;595;0,70
0015426;Krpe čistilne bombažne (10 kg);pak;K1-03-13;;83;34,67
0015435;Filter zraka F478;kos;B4-1-7;;9;5,50
0015437;Cev PVC fi 4 mm;m;B7-3-2;;40,7;3,48
0015438;Kabel LiYCY 5x4 mm2;m;B8-3-6;;331,2;0,65
0015445;Trak lepilni rjav 48 mm x 66 m (6 kos);pak;K1-04-04;;23;1,49
0015453;Vijak šestrobi DIN 933 M10x60 INOX A2;kos;K3-03-01;;76;0,44
0015458;O-tesnilo 76x2,5 NBR;kos;B2-4-9;;64;0,32
0015460;Podložka DIN 125 M5 INOX A2;kos;B1-3-1;;3663;0,03
0015466;Mast litijeva EP2;kg;B7-2-6;L59-3917;49;28,82
0015466;Mast litijeva EP2;kg;B7-2-6;L25-1355;34;28,82
0015466;Mast litijeva EP2;kg;B7-2-6;L21-5704;98;28,82
0015471;Podložka DIN 125 M10 INOX A2;kos;B4-5-3;;4932;0,08
0015476;Relej 24 V DC 2 preklopna kontakta;kos;K3-03-08;;176;7,61
0015479;Vijak šestrobi DIN 933 M16x16 INOX A2;kos;K3-03-12;;1749;1,75
0015485;Kontaktor 7,5 kW 230 V;kos;B1-4-3;;162;1,49
0015488;Mast litijeva EP2;kg;K2-03-08;L33-1541;83;11,45
0015488;Mast litijeva EP2;kg;K2-03-08;L00-6762;162;11,45
0015488;Mast litijeva EP2;kg;K2-03-08;L67-6586;3;11,45
0015491;Cev silikonska fi 16 mm;m;B4-5-2;;96,6;2,44
0015500;Podložka DIN 125 M4 črno;kos;K2-03-20;;7859;0,20
0015504;O-tesnilo 97x2,5 EPDM;kos;B7-1-8;L17-9327;264;0,31
0015506;Cev silikonska fi 12 mm;m;B1-3-10;;62,5;18,89
0015515;Ležaj kroglični 6305-2RS;kos;B2-1-6;;50;5,37
0015518;Filter olja H505;kos;B4-1-2;;6;8,67
0015518;Filter olja H505;kos;B5-1-6;;28;8,67
0015520;Senzor induktivni M8 PNP;kos;K2-02-14;;172;0,90
0015520;Senzor induktivni M8 PNP;kos;B9-1-4;;63;0,90
0015522;Cev PU fi 16 mm;m;B7-4-5;;87,9;10,03
0015522;Cev PU fi 16 mm;m;B6-4-10;;72,0;10,03
0015530;Rokavice zaščitne protiurezne vel. 11;par;B4-4-3;;358;0,66
0015539;Trak lepilni rjav 48 mm x 66 m (6 kos);pak;B2-3-10;;25;9,41
0015540;Ležaj kroglični 6201-ZZ;kos;B4-4-5;;25;4,76
0015548;Vijak šestrobi DIN 933 M10x35 INOX A2;kos;B3-1-9;;880;0,04
0015555;Filter zraka F426;kos;K1-01-16;;26;7,68
0015562;Filter zraka H535;kos;K3-01-09;;33;11,84
0015568;Filter olja P443;kos;B3-2-5;;35;83,29
0015575;Trak lepilni rjav 48 mm x 66 m (6 kos);pak;K2-04-15;;79;1,99
0015583;Cev PVC fi 25 mm;m;K1-03-12;;141,5;2,04
0015583;Cev PVC fi 25 mm;m;K1-02-02;;139,2;2,04
0015588;Filter zraka P373;kos;B1-2-8;;3;9,07
0015590;Kabel NYM-J 5x2,5 mm2;m;B2-4-7;;119,4;5,34
0015598;Cev PE fi 16 mm;m;B5-5-10;;108,2;20,04
0015606;Vijak šestrobi DIN 933 M5x30 INOX A4;kos;K3-03-04;;4249;0,02
0015608;Kabel LiYCY 4x1,5 mm2;m;B6-2-4;;65,9;1,53
0015615;Matica DIN 934 M8 INOX A4;kos;K2-02-03;;6645;0,88
0015616;Kabel NYY-J 4x1,5 mm2;m;B6-4-2;;227,7;0,77
0015625;Rokavice zaščitne nitril vel. 11;par;B6-5-2;;29;2,33
0015632;Rokavice zaščitne nitril vel. 9;par;K3-03-01;;28;1,49
0015638;Ležaj kroglični 6001-ZZ;kos;K1-02-02;;22;38,73
0015647;Cev silikonska fi 4 mm;m;K1-01-06;;103,1;2,49
0015651;Olje kompresorsko VDL 46;l;B1-4-4;L10-4054;259,6;9,79
0015651;Olje kompresorsko VDL 46;l;B1-4-4;L11-5262;142,4;9,79
0015651;Olje kompresorsko VDL 46;l;B1-4-4;L18-1599;307,3;9,79
0015660;Kabel LiYCY 3x2,5 mm2;m;K1-02-09;;137,5;5,58
0015666;Lepilo za navoje visoko trdno 50 ml;kos;B6-5-1;L70-6296;69;44,62
0015666;Lepilo za navoje visoko trdno 50 ml;kos;K2-02-20;L20-1533;16;44,62
0015666;Lepilo za navoje visoko trdno 50 ml;kos;K2-02-20;L68-8444;28;44,62
0015666;Lepilo za navoje visoko trdno 50 ml;kos;K2-02-20;L31-0698;15;44,62
0015671;Podložka DIN 125 M6 črno;kos;B5-3-3;;5333;0,08
0015677;Rokavice zaščitne nitril vel. 9;par;B5-4-1;;485;3,31
0015682;Krpe čistilne bombažne (10 kg);pak;B9-1-10;;43;2,04
0015690;Rokavice zaščitne nitril vel. 7;par;B9-3-9;;239;2,21
0015693;Lepilo za navoje nizko trdno 250 ml;kos;B9-2-9;L72-0506;22;44,90
0015693;Lepilo za navoje nizko trdno 250 ml;kos;B9-2-9;L14-9731;61;44,90
0015695;Kabel NYM-J 5x4 mm2;m;B8-5-9;;133,2;3,22
0015703;Kabel H07RN-F 3x1,5 mm2;m;B5-1-5;;26,3;2,00
0015707;Lepilo za navoje visoko trdno 50 ml;kos;B5-5-8;L03-2417;15;9,83
0015707;Lepilo za navoje visoko trdno 50 ml;kos;B5-5-8;L14-6774;43;9,83
0015710;Ležaj kroglični 6205-2RS;kos;B9-2-7;;5;3,58
0015710;Ležaj kroglični 6205-2RS;kos;K2-01-03;;57;3,58
0015719;Matica DIN 934 M4 črno;kos;B6-5-10;;6040;0,09
0015720;Kabel H05VV-F 5x4 mm2;m;K1-01-01;;120,5;10,71
0015725;Filter hidravlični F839;kos;B7-5-8;;31;8,78
0015729;O-tesnilo 17x2,5 EPDM;kos;K1-03-14;;180;1,31
0015734;Relej 230 V AC 2 preklopna kontakta;kos;B3-5-4;;57;7,22
0015740;Lepilo za navoje visoko trdno 250 ml;kos;B4-2-3;L18-6256;57;10,79
0015740;Lepilo za navoje visoko trdno 250 ml;kos;B4-2-3;L52-7047;20;10,79
0015743;Podložka DIN 125 M10 črno;kos;B5-2-7;;297;0,03
0015748;Kabel NYY-J 5x4 mm2;m;K1-02-19;;282,9;8,67
0015751;Lepilo za navoje nizko trdno 50 ml;kos;K1-03-07;L74-3490;62;17,22
0015751;Lepilo za navoje nizko trdno 50 ml;kos;K1-03-07;L21-1586;2;17,22
0015751;Lepilo za navoje nizko trdno 50 ml;kos;K1-03-07;L93-8068;9;17,22
0015757;Ležaj kroglični 6201-2RS;kos;B3-3-3;;30;7,34
0015758;Folija raztezna 23 my (6 rol);pak;B1-4-4;;43;14,63
0015767;Matica DIN 934 M10 pocinkano;kos;K2-03-11;;6157;0,79
0015767;Matica DIN 934 M10 pocinkano;kos;K2-01-06;;7124;0,79
0015771;Ležaj kroglični 6205-2RS;kos;K2-02-16;;47;4,00
0015773;Podložka DIN 125 M10 pocinkano;kos;K2-04-06;;936;0,02
0015779;Filter hidravlični F301;kos;K1-02-18;;14;24,61
0015787;O-tesnilo 77x1,5 EPDM;kos;K1-01-04;;330;0,45
0015795;Vijak šestrobi DIN 933 M10x35 INOX A4;kos;K1-04-10;;2504;0,18
0015800;Folija raztezna 23 my (6 rol);pak;K1-04-06;;97;3,79
0015803;Mast litijeva EP2;kg;K1-02-12;L68-7937;111;8,21
0015808;Matica DIN 934 M20 INOX A4;kos;B4-4-8;;1998;0,18
0015812;O-tesnilo 69x2,5 FKM;kos;B7-1-8;;349;1,76
0015815;Kabel H07RN-F 3x1,5 mm2;m;B4-2-2;;424,0;5,91
0015823;Rokavice zaščitne protiurezne vel. 10;par;B6-2-10;;320;8,51
0015829;Podložka DIN 125 M10 INOX A4;kos;B7-3-3;;6547;0,15
0015836;Vijak šestrobi DIN 933 M16x10 črno;kos;K1-01-18;;0;0,10
0015840;Ležaj kroglični 6308-ZZ;kos;B7-3-10;;36;9,26
0015849;Varovalka 4 A gG;kos;K1-03-02;;12;0,58
0015856;Senzor induktivni M12 PNP;kos;B8-1-1;;73;0,54
0015856;Senzor induktivni M12 PNP;kos;B6-4-3;;192;0,54
0015858;Kabel H05VV-F 7x1,5 mm2;m;B7-1-7;;360,0;0,61
0015862;Kabel NYY-J 5x2,5 mm2;m;K2-01-14;;116,0;5,84
0015864;Vezice kabelske 4,8x200 mm (100 kos);pak;K1-01-07;;42;30,30
0015872;Ležaj kroglični 6205-ZZ;kos;B6-2-6;;2;10,51
0015875;Matica DIN 934 M16 črno;kos;B1-5-10;;4296;0,06
0015881;Vijak šestrobi DIN 933 M16x10 INOX A4;kos;K2-03-19;;668;0,70
0015883;Olje hidravlično HLP 150;l;B2-4-10;L41-6089;79,1;3,45
0015883;Olje hidravlično HLP 150;l;B2-4-10;L89-9217;315,2;3,45
0015890;Vezice kabelske 4,8x200 mm (100 kos);pak;B4-1-6;;83;5,77
0015896;Mast silikonska;kg;B9-5-3;L22-3320;2;23,22
0015896;Mast silikonska;kg;B9-5-3;L61-6329;100;23,22
0015897;Vijak šestrobi DIN 933 M8x30 črno;kos;K2-04-09;;3799;0,04
0015901;Filter hidravlični H832;kos;B4-1-2;;2;89,95
0015910;Lepilo za navoje srednje trdno 10 ml;kos;B7-4-6;L45-1168;26;17,81
0015915;Podložka DIN 125 M16 INOX A4;kos;B8-2-4;;7303;0,02
0015917;Krpe čistilne bombažne (10 kg);pak;B5-2-4;;52;1,31
0015921;Ležaj kroglični 6204-2RS;kos;K2-04-03;;49;4,76
0015925;Matica DIN 934 M20 INOX A4;kos;B4-5-6;;4252;0,29
0015931;Mast za ležaje NLGI 2;kg;B1-2-7;L68-5487;26;12,57
0015931;Mast za ležaje NLGI 2;kg;B1-2-7;L09-9861;80;12,57
0015933;Cev PE fi 10 mm;m;K3-03-10;;0;21,98
0015933;Cev PE fi 10 mm;m;B8-5-10;;67,2;21,98
0015934;Podložka DIN 125 M8 INOX A2;kos;B4-1-10;;1102;0,08
0015934;Podložka DIN 125 M8 INOX A2;kos;B3-5-4;;4901;0,08
0015940;Lepilo za navoje visoko trdno 10 ml;kos;K2-01-02;L62-2999;24;13,96
0015940;Lepilo za navoje visoko trdno 10 ml;kos;K2-01-02;L11-9148;15;13,96
0015940;Lepilo za navoje visoko trdno 10 ml;kos;K2-01-02;L56-4679;4;13,96
0015948;Ležaj kroglični 6201-ZZ;kos;B6-3-2;;2;27,58
0015954;Vijak šestrobi DIN 933 M20x10 INOX A2;kos;B8-4-7;;870;1,22
0015954;Vijak šestrobi DIN 933 M20x10 INOX A2;kos;K3-01-03;;804;1,22
0015961;Matica DIN 934 M5 črno;kos;K2-01-20;;6730;0,08
0015962;O-tesnilo 65x3 FKM;kos;B8-3-5;;54;0,13
0015970;Mast silikonska;kg;B3-3-9;L97-0246;37;25,98
0015974;Rokavice zaščitne nitril vel. 7;par;K3-01-20;;199;6,88
0015979;Kabel H05VV-F 5x4 mm2;m;B6-3-4;;346,7;3,09
0015985;Rokavice zaščitne nitril vel. 11;par;B8-5-5;;196;7,34
0015986;Podložka DIN 125 M4 INOX A2;kos;K2-03-16;;3176;0,02
0015993;Mast litijeva EP2;kg;K1-01-01;L29-9606;132;11,10
0015993;Mast litijeva EP2;kg;K1-01-01;L53-0745;87;11,10
0015996;O-tesnilo 48x3 EPDM;kos;B8-1-1;L05-4447;18;0,50
0015996;O-tesnilo 48x3 EPDM;kos;B8-1-1;L13-2475;69;0,50
0015996;O-tesnilo 48x3 EPDM;kos;K2-01-02;L46-9137;66;0,50
0015996;O-tesnilo 48x3 EPDM;kos;K2-01-02;L36-7850;156;0,50
0015999;Vezice kabelske 4,8x200 mm (100 kos);pak;B2-4-5;;24;3,38
0016006;Folija raztezna 23 my (6 rol);pak;B1-2-8;;68;1,94
0016009;Lepilo za navoje nizko trdno 250 ml;kos;K2-02-03;L82-1486;21;6,60
0016009;Lepilo za navoje nizko trdno 250 ml;kos;K2-02-03;L28-9023;22;6,60
0016009;Lepilo za navoje nizko trdno 250 ml;kos;K2-02-03;L30-3070;80;6,60
0016013;Folija raztezna 23 my (6 rol);pak;B9-4-5;;52;7,44
0016018;Cev silikonska fi 25 mm;m;B7-1-8;;137,8;3,77
0016018;Cev silikonska fi 25 mm;m;B1-1-1;;126,5;3,77
0016020;Vijak šestrobi DIN 933 M16x16 INOX A2;kos;B5-5-9;;3482;0,17
0016027;Lepilo za navoje srednje trdno 10 ml;kos;B6-4-3;L53-4578;75;32,23
0016027;Lepilo za navoje srednje trdno 10 ml;kos;B3-5-4;L61-0357;19;32,23
0016032;Filter olja F752;kos;B3-1-6;;15;7,39
0016040;O-tesnilo 110x1,5 EPDM;kos;B2-3-3;;373;1,60
0016046;O-tesnilo 10x3 FKM;kos;K2-04-10;L97-2798;254;0,13
0016046;O-tesnilo 10x3 FKM;kos;K2-04-10;L55-2414;120;0,13
0016046;O-tesnilo 10x3 FKM;kos;K2-04-10;L06-0293;50;0,13
0016052;Ležaj kroglični 6308-ZZ;kos;B9-4-2;;50;55,41
0016057;Vezice kabelske 4,8x200 mm (100 kos);pak;B7-4-7;;46;25,38
0016059;Vijak šestrobi DIN 933 M5x100 črno;kos;K2-04-16;;4046;0,06
0016068;Lepilo za navoje nizko trdno 50 ml;kos;K3-04-14;L33-3468;13;20,37
0016068;Lepilo za navoje nizko trdno 50 ml;kos;K3-04-14;L00-7229;16;20,37
0016068;Lepilo za navoje nizko trdno 50 ml;kos;K3-04-14;L03-4944;31;20,37
0016074;Lepilo za navoje nizko trdno 250 ml;kos;B9-1-4;L66-5743;57;37,07
0016082;Lepilo za navoje nizko trdno 10 ml;kos;K3-02-14;L74-8969;4;39,89
0016082;Lepilo za navoje nizko trdno 10 ml;kos;K3-02-14;L10-8589;24;39,89
0016083;Rokavice zaščitne usnjene vel. 7;par;B1-3-10;;269;1,62
0016089;Vezice kabelske 4,8x200 mm (100 kos);pak;B6-4-4;;59;3,94
0016094;Filter zraka F671;kos;B7-3-10;;12;65,23
0016102;Trak lepilni rjav 48 mm x 66 m (6 kos);pak;B5-4-4;;118;3,70
0016104;Rokavice zaščitne usnjene vel. 9;par;B8-5-2;;507;4,97
0016110;Kabel H05VV-F 3x2,5 mm2;m;B7-4-1;;255,3;5,67
0016119;Varovalka 25 A gG;kos;K3-01-03;;184;1,10
0016119;Varovalka 25 A gG;kos;K3-04-10;;35;1,10
0016126;Matica DIN 934 M10 pocinkano;kos;B1-5-2;;2342;0,04
0016127;Mast litijeva EP2;kg;B6-1-2;L94-4171;56;26,11
0016127;Mast litijeva EP2;kg;B6-1-2;L54-5444;76;26,11
0016131;Vijak šestrobi DIN 933 M20x40 črno;kos;B4-5-7;;4808;0,24
0016138;Rokavice zaščitne protiurezne vel. 10;par;B8-3-3;;389;7,61
0016144;Ležaj kroglični 6203-ZZ;kos;B7-3-10;;16;4,51
0016153;Lepilo za navoje srednje trdno 10 ml;kos;K1-04-10;L32-8309;78;43,31
0016153;Lepilo za navoje srednje trdno 10 ml;kos;K1-04-10;L65-2074;45;43,31
0016153;Lepilo za navoje srednje trdno 10 ml;kos;K1-04-10;L46-6609;71;43,31
0016157;Mast za ležaje NLGI 2;kg;K3-02-04;L93-5387;44;14,57
0016157;Mast za ležaje NLGI 2;kg;K3-02-04;L58-4282;115;14,57
0016157;Mast za ležaje NLGI 2;kg;B9-5-9;L41-7248;123;14,57
0016160;Matica DIN 934 M12 pocinkano;kos;B6-1-9;;5945;0,73
0016168;Cev PU fi 20 mm;m;K2-02-02;;48,6;1,63
0016177;Cev PU fi 16 mm;m;B2-1-5;;25,5;13,96
0016179;Lepilo za navoje srednje trdno 250 ml;kos;B4-5-10;L25-1353;23;13,81
0016179;Lepilo za navoje srednje trdno 250 ml;kos;B4-5-10;L46-5549;4;13,81
0016179;Lepilo za navoje srednje trdno 250 ml;kos;B4-5-10;L47-1709;64;13,81
0016181;Kabel NYM-J 2x0,75 mm2;m;B8-5-7;;389,6;11,48
0016184;Vezice kabelske 4,8x200 mm (100 kos);pak;B4-4-2;;64;2,22
0016186;Podložka DIN 125 M10 črno;kos;K3-03-13;;1640;0,02
0016195;O-tesnilo 7x4 NBR;kos;B8-4-3;L99-1738;0;4,19
0016195;O-tesnilo 7x4 NBR;kos;B8-4-3;L16-8460;161;4,19
0016195;O-tesnilo 7x4 NBR;kos;B8-4-3;L22-3569;295;4,19
0016195;O-tesnilo 7x4 NBR;kos;B2-5-8;;93;4,19
0016199;Rokavice zaščitne protiurezne vel. 10;par;B8-1-4;;168;1,11
0016205;Lepilo za navoje srednje trdno 50 ml;kos;B4-4-2;L72-5217;5;24,90
0016205;Lepilo za navoje srednje trdno 50 ml;kos;B4-4-2;L52-5007;16;24,90
0016210;O-tesnilo 18x2,5 EPDM;kos;B3-1-3;;318;0,17
0016216;Mast silikonska;kg;K1-01-09;L43-2927;87;13,74
0016216;Mast silikonska;kg;K1-01-09;L12-9666;37;13,74
0016216;Mast silikonska;kg;K1-01-09;L67-6008;126;13,74
0016220;Filter olja F466;kos;K1-03-02;;38;6,08
0016222;Trak lepilni rjav 48 mm x 66 m (6 kos);pak;K2-01-10;;67;11,25
0016229;Filter hidravlični P305;kos;B5-1-3;;28;12,82
0016229;Filter hidravlični P305;kos;B6-5-10;;32;12,82
0016231;Kabel NYY-J 4x1,5 mm2;m;B6-5-5;;433,1;3,32
0016232;Ležaj kroglični 6001-ZZ;kos;K2-03-15;;48;66,53
0016233;Olje hidravlično HLP 32;l;B8-2-1;L35-0583;281,2;17,76
0016240;Varovalka 16 A gG;kos;B4-5-1;;53;41,25
0016240;Varovalka 16 A gG;kos;B5-3-7;;157;41,25
0016241;Vijak šestrobi DIN 933 M16x20 pocinkano;kos;B5-5-7;;1500;1,28
0016241;Vijak šestrobi DIN 933 M16x20 pocinkano;kos;K3-04-06;;3095;1,28
0016248;Vijak šestrobi DIN 933 M6x16 INOX A2;kos;B9-4-3;;2587;0,33
0016252;Rokavice zaščitne protiurezne vel. 9;par;B9-3-4;;509;2,41
0016252;Rokavice zaščitne protiurezne vel. 9;par;B8-4-7;;0;2,41
0016259;Vijak šestrobi DIN 933 M20x16 INOX A2;kos;B4-2-3;;1421;0,03
0016259;Vijak šestrobi DIN 933 M20x16 INOX A2;kos;K1-03-11;;3312;0,03
0016264;Olje reduktorsko CLP 68;l;B3-3-3;L00-3354;228,2;14,17
0016272;Ležaj kroglični 6002-2RS;kos;B5-4-5;;49;16,46
0016272;Ležaj kroglični 6002-2RS;kos;B1-4-9;;28;16,46
0016278;Mast silikonska;kg;B1-5-3;L21-6894;49;5,52
0016278;Mast silikonska;kg;B1-5-3;L21-0447;82;5,52
0016278;Mast silikonska;kg;B1-5-3;L89-8562;4;5,52
0016281;Kabel LiYCY 3x1,5 mm2;m;K3-03-10;;240,0;1,27
0016290;Matica DIN 934 M8 INOX A2;kos;B9-5-10;;7009;0,17
0016294;Lepilo za navoje nizko trdno 50 ml;kos;B7-3-6;L57-5326;69;18,43
0016294;Lepilo za navoje nizko trdno 50 ml;kos;B2-1-9;L03-3230;42;18,43
0016294;Lepilo za navoje nizko trdno 50 ml;kos;B2-1-9;L98-2150;19;18,43
0016294;Lepilo za navoje nizko trdno 50 ml;kos;B2-1-9;L64-8909;30;18,43
0016295;Cev PVC fi 4 mm;m;B3-3-3;;8,2;11,87
0016304;Matica DIN 934 M4 črno;kos;B6-4-10;;7556;0,68
0016308;Rokavice zaščitne usnjene vel. 11;par;K3-03-02;;166;1,40
0016316;Olje reduktorsko CLP 46;l;B4-3-9;L01-0016;362,2;3,35
0016316;Olje reduktorsko CLP 46;l;B4-3-9;L76-1847;304,1;3,35
0016317;Cev PE fi 8 mm;m;K2-02-05;;26,6;0,92
0016323;Ležaj kroglični 6204-ZZ;kos;K1-01-14;;24;64,70
0016329;Kabel H05VV-F 3x1,5 mm2;m;B5-3-3;;298,7;5,04
0016337;Olje reduktorsko CLP 68;l;B3-5-5;L23-0461;124,0;9,23
0016337;Olje reduktorsko CLP 68;l;B3-5-5;L84-9926;392,4;9,23
0016337;Olje reduktorsko CLP 68;l;B3-5-5;L18-9141;256,4;9,23
0016344;Vijak šestrobi DIN 933 M8x20 INOX A4;kos;B8-5-4;;3678;0,24
0016345;Kontaktor 11 kW 230 V;kos;B5-1-3;;63;10,47
0016348;Filter olja H725;kos;K3-02-14;;5;111,99
0016350;Vijak šestrobi DIN 933 M4x10 INOX A4;kos;B8-2-6;;1794;0,93
0016355;Trak lepilni rjav 48 mm x 66 m (6 kos);pak;K2-04-08;;44;4,08
0016358;O-tesnilo 43x1,5 EPDM;kos;B4-2-8;;321;0,15
0016365;Podložka DIN 125 M20 INOX A4;kos;B3-2-7;;7389;0,13
0016367;Filter zraka F490;kos;B1-3-1;;24;24,17
0016375;Lepilo za navoje nizko trdno 10 ml;kos;K1-03-14;L17-3934;48;14,78
0016375;Lepilo za navoje nizko trdno 10 ml;kos;K1-03-14;L83-5642;18;14,78
0016375;Lepilo za navoje nizko trdno 10 ml;kos;K3-04-18;L08-7375;20;14,78
0016375;Lepilo za navoje nizko trdno 10 ml;kos;K3-04-18;L30-0119;26;14,78
0016375;Lepilo za navoje nizko trdno 10 ml;kos;K3-04-18;L72-1811;42;14,78
0016380;Senzor induktivni M18 PNP;kos;B9-3-8;;65;0,43
0016384;Olje reduktorsko CLP 150;l;B7-3-7;L43-7447;108,7;15,65
0016384;Olje reduktorsko CLP 150;l;B4-3-1;L01-2045;112,7;15,65
0016384;Olje reduktorsko CLP 150;l;B4-3-1;L56-1100;312,1;15,65
0016392;Rokavice zaščitne nitril vel. 9;par;K3-02-10;;0;3,91
0016392;Rokavice zaščitne nitril vel. 9;par;B1-2-1;;399;3,91
0016399;Vijak šestrobi DIN 933 M10x100 črno;kos;B9-4-5;;2886;0,09
0016404;Olje hidravlično HLP 100;l;K1-01-11;L22-5579;353,8;4,43
0016404;Olje hidravlično HLP 100;l;K1-01-11;L41-5521;47,4;4,43
0016404;Olje hidravlično HLP 100;l;K1-01-11;L66-7467;53,6;4,43
0016404;Olje hidravlično HLP 100;l;K3-04-18;L62-1202;73,5;4,43
0016410;Matica DIN 934 M6 INOX A2;kos;B1-1-10;;2894;0,33
0016412;Podložka DIN 125 M20 INOX A4;kos;B3-3-5;;1429;0,18
0016412;Podložka DIN 125 M20 INOX A4;kos;B2-1-8;;1600;0,18
0016413;Cev PU fi 10 mm;m;B7-3-9;;41,4;0,94
0016413;Cev PU fi 10 mm;m;K3-02-11;;145,6;0,94
0016416;Mast za ležaje NLGI 2;kg;B2-2-3;L16-9797;0;20,76
0016416;Mast za ležaje NLGI 2;kg;B2-2-3;L29-6590;51;20,76
0016416;Mast za ležaje NLGI 2;kg;B2-2-3;L27-7167;139;20,76
0016420;Relej 24 V DC 2 preklopna kontakta;kos;B9-1-5;;154;18,80
0016427;Olje kompresorsko VDL 68;l;B8-1-4;L01-4508;0;3,89
0016427;Olje kompresorsko VDL 68;l;B8-1-4;L99-3588;280,9;3,89
0016427;Olje kompresorsko VDL 68;l;B8-1-4;L91-6375;309,9;3,89
0016430;Matica DIN 934 M4 pocinkano;kos;B2-2-2;;754;0,09
0016438;Vijak šestrobi DIN 933 M5x30 INOX A4;kos;B2-2-8;;2663;0,46
0016446;Kabel H05VV-F 3x2,5 mm2;m;B7-3-1;;187,8;2,21
0016449;Vijak šestrobi DIN 933 M12x35 črno;kos;B9-2-3;;3754;1,05
0016452;Podložka DIN 125 M16 črno;kos;B7-3-5;;2547;0,33
0016459;Kabel NYM-J 4x1,5 mm2;m;B4-3-7;;178,7;6,48
0016461;Vijak šestrobi DIN 933 M16x40 INOX A2;kos;K1-03-20;;4550;0,07
0016466;Ležaj kroglični 6004-ZZ;kos;B9-5-6;;43;25,94
0016467;Kabel NYM-J 2x0,75 mm2;m;K3-01-13;;405,8;11,77
0016471;Cev silikonska fi 4 mm;m;B7-5-7;;88,8;19,07
0016473;Lepilo za navoje srednje trdno 250 ml;kos;B3-4-2;L62-8900;58;10,59
0016473;Lepilo za navoje srednje trdno 250 ml;kos;B3-4-2;L28-7721;32;10,59
0016477;Kabel H07RN-F 7x1,5 mm2;m;K1-02-18;;473,8;9,77
0016483;Kontaktor 5,5 kW 230 V;kos;B6-1-6;;5;14,71
0016489;Olje hidravlično HLP 100;l;B2-4-4;L75-3540;365,9;11,45
0016489;Olje hidravlično HLP 100;l;B2-4-4;L83-8663;299,1;11,45
0016494;Matica DIN 934 M20 črno;kos;B6-4-3;;6471;0,33
0016495;Mast litijeva EP2;kg;B8-2-5;L17-7971;82;6,61
0016495;Mast litijeva EP2;kg;K3-02-06;L77-5170;138;6,61
0016495;Mast litijeva EP2;kg;K3-02-06;L16-6088;166;6,61
0016499;Lepilo za navoje nizko trdno 10 ml;kos;B4-5-10;L01-9948;49;10,89
0016499;Lepilo za navoje nizko trdno 10 ml;kos;B4-5-10;L83-7550;2;10,89
0016499;Lepilo za navoje nizko trdno 10 ml;kos;K2-01-07;L37-5899;4;10,89
0016500;Rokavice zaščitne protiurezne vel. 10;par;B4-1-2;;170;0,78
0016508;Filter olja F380;kos;K3-01-12;;9;22,85
0016514;Vijak šestrobi DIN 933 M5x10 INOX A4;kos;B7-3-3;;258;0,24
0016521;Rokavice zaščitne usnjene vel. 10;par;B1-4-6;;592;1,10
0016522;Olje hidravlično HLP 220;l;B2-2-6;L75-7113;386,0;10,71
0016522;Olje hidravlično HLP 220;l;B2-2-10;L05-5488;399,2;10,71
0016528;Kabel NYM-J 4x1,5 mm2;m;B9-2-1;;325,3;1,24
0016528;Kabel NYM-J 4x1,5 mm2;m;K2-02-09;;74,2;1,24
0016532;Mast litijeva EP2;kg;B6-2-8;L51-0272;143;5,18
0016533;Vijak šestrobi DIN 933 M8x40 pocinkano;kos;B4-1-7;;2667;0,02
0016539;Cev silikonska fi 4 mm;m;B1-3-5;;113,6;4,34
0016541;Vijak šestrobi DIN 933 M8x60 pocinkano;kos;B1-1-8;;3065;0,05
0016550;Folija raztezna 23 my (6 rol);pak;B1-1-8;;37;4,58
0016555;Olje reduktorsko CLP 150;l;K3-01-13;L61-4933;107,6;5,50
0016562;Matica DIN 934 M10 črno;kos;K3-03-18;;1776;0,01
0016565;Matica DIN 934 M4 črno;kos;B5-2-1;;6221;0,37
0016570;Folija raztezna 23 my (6 rol);pak;B8-2-10;;30;23,88
0016575;Ležaj kroglični 6206-2RS;kos;B4-4-6;;47;9,74
0016582;Kontaktor 11 kW 230 V;kos;K3-01-02;;64;43,44
0016584;Lepilo za navoje srednje trdno 10 ml;kos;B1-2-2;L16-3735;49;33,44
0016587;Matica DIN 934 M4 INOX A4;kos;B9-4-4;;2393;0,03
0016594;Rokavice zaščitne nitril vel. 9;par;B7-1-10;;219;8,24
0016596;Rokavice zaščitne protiurezne vel. 7;par;B4-3-9;;250;11,98
0016604;Vezice kabelske 4,8x200 mm (100 kos);pak;K1-03-02;;28;2,98
0016606;Cev silikonska fi 4 mm;m;K1-02-07;;119,1;0,90
0016607;Rokavice zaščitne nitril vel. 9;par;B5-1-8;;288;6,71
0016611;Ležaj kroglični 6205-2RS;kos;K2-03-07;;51;93,70
0016611;Ležaj kroglični 6205-2RS;kos;B9-5-6;;4;93,70
0016616;Kabel NYM-J 5x2,5 mm2;m;K2-02-08;;305,1;1,36
0016625;Olje hidravlično HLP 68;l;B4-3-9;L16-0917;143,3;11,10
0016625;Olje hidravlično HLP 68;l;B4-3-9;L79-8270;61,4;11,10
0016633;Rokavice zaščitne protiurezne vel. 10;par;K3-01-07;;377;2,04
0016641;Mast silikonska;kg;B1-5-4;L80-8697;88;27,84
0016641;Mast silikonska;kg;B1-5-4;L82-9221;41;27,84
0016641;Mast silikonska;kg;B1-5-4;L69-9586;147;27,84
0016644;Folija raztezna 23 my (6 rol);pak;B9-3-10;;70;19,38
0016645;Olje hidravlično HLP 150;l;K3-04-11;L69-3465;291,7;2,52
0016645;Olje hidravlično HLP 150;l;K3-04-11;L47-2269;201,3;2,52
0016645;Olje hidravlično HLP 150;l;K3-04-11;L84-8583;300,7;2,52
0016651;Olje reduktorsko CLP 150;l;K2-04-01;L33-9452;44,5;9,47
0016651;Olje reduktorsko CLP 150;l;K2-04-01;L28-8515;264,7;9,47
0016659;Podložka DIN 125 M8 pocinkano;kos;B3-2-1;;5122;0,27
0016663;Filter olja H945;kos;B4-5-6;;8;10,04
0016667;Podložka DIN 125 M5 pocinkano;kos;B9-4-3;;273;0,03
0016672;Kabel H05VV-F 3x2,5 mm2;m;K2-04-14;;487,0;0,76
0016673;Rokavice zaščitne usnjene vel. 7;par;B6-2-2;;402;3,29
0016682;Filter zraka H805;kos;K1-03-13;;32;35,37
0016684;Mast za ležaje NLGI 2;kg;K3-02-17;L87-9968;155;13,60
0016684;Mast za ležaje NLGI 2;kg;K3-02-17;L46-0810;9;13,60
0016684;Mast za ležaje NLGI 2;kg;K3-02-17;L62-0034;142;13,60
0016684;Mast za ležaje NLGI 2;kg;B2-5-7;L24-4204;106;13,60
0016684;Mast za ležaje NLGI 2;kg;B2-5-7;L38-0571;176;13,60
0016687;Lepilo za navoje nizko trdno 10 ml;kos;K1-04-05;L98-3863;50;39,52
0016687;Lepilo za navoje nizko trdno 10 ml;kos;K1-04-05;L84-0666;69;39,52
0016688;O-tesnilo 79x1,5 EPDM;kos;K1-01-13;L58-0043;312;0,64
0016694;Cev PVC fi 8 mm;m;K1-03-04;;134,9;19,82
0016694;Cev PVC fi 8 mm;m;K1-03-08;;9,9;19,82
0016699;Podložka DIN 125 M8 INOX A4;kos;K1-03-16;;2002;0,24
0016701;Podložka DIN 125 M6 INOX A2;kos;K2-03-07;;7144;0,15
0016702;Senzor induktivni M12 PNP;kos;B9-4-3;;171;0,47
0016708;Mast za ležaje NLGI 2;kg;B3-5-1;L97-3598;48;12,53
0016712;Mast silikonska;kg;B6-2-10;L93-3472;106;37,70
0016712;Mast silikonska;kg;B6-2-10;L12-2816;11;37,70
0016712;Mast silikonska;kg;B6-2-10;L06-4842;38;37,70
0016717;Podložka DIN 125 M16 pocinkano;kos;B1-2-3;;9694;0,04
0016726;Vijak šestrobi DIN 933 M10x16 INOX A4;kos;B5-2-9;;3971;1,26
0016730;Matica DIN 934 M6 črno;kos;B2-3-3;;4276;0,12
0016733;Trak lepilni rjav 48 mm x 66 m (6 kos);pak;B2-3-5;;97;6,01
0016740;Vezice kabelske 4,8x200 mm (100 kos);pak;B9-2-7;;112;28,36
0016746;Filter olja F297;kos;B9-1-1;;15;46,88
0016749;Mast silikonska;kg;B9-2-7;L29-4057;154;33,91
0016749;Mast silikonska;kg;B9-2-7;L20-2590;128;33,91
0016749;Mast silikonska;kg;B9-2-7;L94-7985;111;33,91
0016750;Cev PVC fi 6 mm;m;K3-03-07;;58,5;8,26
0016758;Rokavice zaščitne usnjene vel. 9;par;B7-2-6;;509;10,32
0016765;Filter hidravlični P811;kos;K3-01-04;;31;32,33
0016771;Matica DIN 934 M20 INOX A4;kos;B2-2-5;;2322;0,11
0016776;Lepilo za navoje nizko trdno 10 ml;kos;B5-5-6;L15-8328;25;11,27
0016776;Lepilo za navoje nizko trdno 10 ml;kos;B5-5-6;L18-2688;67;11,27
0016783;O-tesnilo 38x4 FKM;kos;K3-01-18;;399;1,19
0016788;Ležaj kroglični 6308-ZZ;kos;B5-1-10;;12;36,79
0016790;Relej 24 V DC 2 preklopna kontakta;kos;K1-03-19;;184;1,02
0016795;Lepilo za navoje visoko trdno 250 ml;kos;B2-3-4;L61-5335;51;11,94
0016795;Lepilo za navoje visoko trdno 250 ml;kos;B2-3-4;L55-4398;0;11,94
0016799;Filter olja H565;kos;B6-4-4;;18;112,64
0016800;Cev silikonska fi 6 mm;m;B3-3-3;;12,1;3,88
0016801;Trak lepilni rjav 48 mm x 66 m (6 kos);pak;B6-3-5;;96;3,06
0016808;Ležaj kroglični 6000-2RS;kos;K3-02-10;;16;3,62
0016812;Ležaj kroglični 6305-ZZ;kos;B5-5-3;;21;74,87
0016816;Podložka DIN 125 M16 INOX A2;kos;B4-2-5;;4519;0,07
0016816;Podložka DIN 125 M16 INOX A2;kos;B2-5-4;;4133;0,07
0016823;Ležaj kroglični 6004-ZZ;kos;B5-3-6;;0;26,18
0016828;Cev silikonska fi 25 mm;m;B2-4-4;;79,7;1,62
0016828;Cev silikonska fi 25 mm;m;B9-2-9;;5,7;1,62
0016837;Filter olja F789;kos;K2-01-07;;33;25,72
0016844;Krpe čistilne bombažne (10 kg);pak;B2-3-10;;49;9,28
0016847;Filter olja F323;kos;B6-1-5;;25;14,25
0016855;Vijak šestrobi DIN 933 M8x80 pocinkano;kos;B8-5-9;;217;0,15
0016863;Cev silikonska fi 20 mm;m;B5-4-5;;54,2;1,08
0016871;Podložka DIN 125 M6 INOX A2;kos;K3-01-04;;694;0,23
0016878;Kabel NYM-J 7x1,5 mm2;m;B4-2-3;;42,0;0,81
0016883;Matica DIN 934 M10 črno;kos;B9-5-7;;3454;0,02
0016883;Matica DIN 934 M10 črno;kos;B6-4-6;;1999;0,02
0016885;Lepilo za navoje srednje trdno 250 ml;kos;B4-4-1;L78-0157;22;22,44
0016885;Lepilo za navoje srednje trdno 250 ml;kos;B4-4-1;L39-9305;26;22,44
0016887;Matica DIN 934 M5 INOX A4;kos;B3-3-8;;3122;0,40
0016890;Podložka DIN 125 M6 INOX A2;kos;B4-3-6;;439;0,18
0016899;Olje hidravlično HLP 100;l;B4-1-10;L61-6484;236,0;3,29
0016899;Olje hidravlično HLP 100;l;B4-1-10;L08-5887;190,4;3,29
0016899;Olje hidravlično HLP 100;l;B4-1-10;L70-4358;72,7;3,29
0016899;Olje hidravlično HLP 100;l;B3-4-6;L11-2880;263,1;3,29
0016899;Olje hidravlično HLP 100;l;B3-4-6;L13-3613;18,3;3,29
0016899;Olje hidravlično HLP 100;l;B3-4-6;L86-1207;155,5;3,29
0016902;Vijak šestrobi DIN 933 M10x40 črno;kos;K2-02-05;;3872;0,42
0016911;Kabel NYY-J 5x2,5 mm2;m;B6-1-8;;413,1;4,95
0016919;Podložka DIN 125 M4 INOX A2;kos;B7-1-6;;6368;0,01
0016926;O-tesnilo 52x1,5 FKM;kos;B5-3-1;;80;0,57
0016934;Folija raztezna 23 my (6 rol);pak;B6-1-1;;116;10,72
0016942;O-tesnilo 67x3 FKM;kos;B5-1-10;;31;1,41
0016946;Podložka DIN 125 M5 INOX A4;kos;B8-5-6;;1379;0,04
0016951;Kabel NYY-J 5x2,5 mm2;m;K1-03-01;;255,2;2,03
0016960;Podložka DIN 125 M4 pocinkano;kos;B6-3-7;;8637;0,02
0016966;Vijak šestrobi DIN 933 M20x35 INOX A4;kos;K3-02-07;;4285;0,73
0016968;Mast za ležaje NLGI 2;kg;K3-04-13;L50-1102;130;10,61
0016968;Mast za ležaje NLGI 2;kg;K3-04-13;L48-1934;40;10,61
0016968;Mast za ležaje NLGI 2;kg;K3-04-13;L66-7665;97;10,61
0016974;Rokavice zaščitne protiurezne vel. 10;par;B3-5-8;;105;7,22
0016981;O-tesnilo 55x2 NBR;kos;B3-4-7;;82;0,10
0016981;O-tesnilo 55x2 NBR;kos;B4-5-10;;112;0,10
0016982;Matica DIN 934 M6 pocinkano;kos;B2-2-8;;1456;0,03
0016990;Matica DIN 934 M5 črno;kos;B8-4-2;;2214;0,39
0016999;Olje kompresorsko VDL 68;l;B4-1-10;L06-1809;280,5;9,00
0016999;Olje kompresorsko VDL 68;l;B4-1-10;L19-0158;244,2;9,00
0016999;Olje kompresorsko VDL 68;l;B4-1-10;L14-4914;101,4;9,00
0017003;Trak lepilni rjav 48 mm x 66 m (6 kos);pak;K1-04-12;;52;5,19
0017004;Lepilo za navoje visoko trdno 50 ml;kos;B5-3-9;L76-6072;20;7,44
0017004;Lepilo za navoje visoko trdno 50 ml;kos;B5-3-5;L83-2684;47;7,44
0017004;Lepilo za navoje visoko trdno 50 ml;kos;B5-3-5;L24-5088;52;7,44
0017004;Lepilo za navoje visoko trdno 50 ml;kos;B5-3-5;L21-0099;43;7,44
0017009;Matica DIN 934 M8 INOX A2;kos;K3-04-09;;7385;0,17
0017010;Cev silikonska fi 20 mm;m;B1-4-2;;64,0;1,33
0017014;Mast za ležaje NLGI 2;kg;B5-2-10;L68-8143;157;32,30
0017017;Kabel H07RN-F 5x2,5 mm2;m;B2-4-5;;7,9;1,17
0017020;Olje reduktorsko CLP 100;l;K3-03-14;L53-6822;0;15,40
0017023;Vijak šestrobi DIN 933 M6x25 INOX A4;kos;B8-2-6;;1403;0,42
0017028;Kabel NYM-J 2x0,75 mm2;m;B1-5-1;;140,2;13,81
0017028;Kabel NYM-J 2x0,75 mm2;m;K3-01-20;;402,7;13,81
0017030;O-tesnilo 80x2,5 EPDM;kos;K3-01-18;L23-9431;138;2,33
0017030;O-tesnilo 80x2,5 EPDM;kos;K3-01-18;L29-0878;363;2,33
0017030;O-tesnilo 80x2,5 EPDM;kos;B6-5-2;;119;2,33
0017035;Vijak šestrobi DIN 933 M16x30 INOX A2;kos;B8-2-8;;3335;0,46
0017042;Filter zraka H782;kos;B4-1-3;;4;14,85
0017044;Podložka DIN 125 M5 črno;kos;B6-4-10;;9590;0,02
0017048;Relej 230 V AC 2 preklopna kontakta;kos;K1-02-15;;101;47,27
0017052;Kabel NYM-J 2x0,75 mm2;m;B6-1-9;;380,7;0,39
0017059;Filter hidravlični H560;kos;B9-4-3;;37;7,79
0017062;Vijak šestrobi DIN 933 M6x25 črno;kos;B7-5-3;;2016;0,03
0017071;Lepilo za navoje visoko trdno 50 ml;kos;B9-3-8;L14-1413;44;37,33
0017077;Kabel NYM-J 2x0,75 mm2;m;K1-04-04;;414,6;2,08
0017082;Olje reduktorsko CLP 150;l;K3-01-17;L97-5523;187,3;18,76
0017082;Olje reduktorsko CLP 150;l;K3-01-17;L14-9135;243,0;18,76
0017082;Olje reduktorsko CLP 150;l;K3-01-17;L77-5949;221,6;18,76
0017090;Vijak šestrobi DIN 933 M10x30 pocinkano;kos;B2-2-5;;3847;0,13
0017094;Kabel NYY-J 3x1,5 mm2;m;K3-03-18;;475,7;1,84
0017099;Cev PE fi 4 mm;m;K1-01-11;;16,5;4,65
0017099;Cev PE fi 4 mm;m;B5-5-5;;112,9;4,65
0017106;Vijak šestrobi DIN 933 M10x60 pocinkano;kos;K2-01-17;;999;0,19
0017110;Cev PE fi 8 mm;m;B9-4-10;;99,2;4,87
0017111;Matica DIN 934 M6 INOX A4;kos;B6-2-4;;1771;0,02
0017114;Kabel NYM-J 7x1,5 mm2;m;K2-02-06;;63,4;10,88
0017117;Trak lepilni rjav 48 mm x 66 m (6 kos);pak;B5-5-6;;35;21,32
0017117;Trak lepilni rjav 48 mm x 66 m (6 kos);pak;B2-2-8;;58;21,32
0017123;Matica DIN 934 M20 pocinkano;kos;B2-4-6;;1545;0,09
0017130;Filter zraka P356;kos;K3-02-06;;6;56,06
0017132;Podložka DIN 125 M6 INOX A4;kos;K2-01-18;;5857;0,02
0017133;Kabel H05VV-F 7x1,5 mm2;m;K1-04-15;;397,0;5,71
0017133;Kabel H05VV-F 7x1,5 mm2;m;B9-2-3;;55,8;5,71
0017137;Krpe čistilne bombažne (10 kg);pak;B7-3-10;;6;7,87
0017138;Mast litijeva EP2;kg;K3-04-11;L29-9556;2;4,03
0017138;Mast litijeva EP2;kg;K3-04-11;L20-5336;119;4,03
0017138;Mast litijeva EP2;kg;K3-04-11;L45-2577;25;4,03
0017147;Olje hidravlično HLP 150;l;K2-02-15;L75-4781;333,1;3,29
0017147;Olje hidravlično HLP 150;l;K2-02-15;L29-1428;343,1;3,29
0017153;Ležaj kroglični 6201-ZZ;kos;B2-1-7;;9;9,22
0017158;Krpe čistilne bombažne (10 kg);pak;B9-3-2;;47;34,92
0017160;Mast za ležaje NLGI 2;kg;B1-3-7;L34-1108;24;21,10
0017160;Mast za ležaje NLGI 2;kg;B1-3-7;L09-9693;135;21,10
0017162;Kabel NYM-J 2x0,75 mm2;m;B7-3-6;;174,9;12,75
0017164;Ležaj kroglični 6000-ZZ;kos;K2-02-05;;46;9,79
0017173;Lepilo za navoje nizko trdno 250 ml;kos;B7-1-5;L08-4887;6;10,92
0017173;Lepilo za navoje nizko trdno 250 ml;kos;B7-1-5;L25-6394;54;10,92
0017175;Rokavice zaščitne usnjene vel. 9;par;B2-5-7;;53;7,46
0017175;Rokavice zaščitne usnjene vel. 9;par;K2-04-13;;564;7,46
0017177;O-tesnilo 25x4 EPDM;kos;B7-5-3;L27-8816;363;2,95
0017177;O-tesnilo 25x4 EPDM;kos;B7-5-3;L58-0392;327;2,95
0017177;O-tesnilo 25x4 EPDM;kos;B7-5-3;L82-7229;245;2,95
0017181;Kontaktor 5,5 kW 230 V;kos;K2-01-06;;49;61,66
0017181;Kontaktor 5,5 kW 230 V;kos;B6-3-10;;111;61,66
0017185;Lepilo za navoje nizko trdno 50 ml;kos;B8-1-3;L92-7503;75;8,84
0017185;Lepilo za navoje nizko trdno 50 ml;kos;B8-1-3;L73-1453;32;8,84
0017185;Lepilo za navoje nizko trdno 50 ml;kos;B8-1-3;L03-8567;16;8,84
0017192;O-tesnilo 87x4 FKM;kos;K2-04-15;;300;0,08
0017192;O-tesnilo 87x4 FKM;kos;B4-5-6;L70-0518;348;0,08
0017192;O-tesnilo 87x4 FKM;kos;B4-5-6;L44-9892;369;0,08
0017192;O-tesnilo 87x4 FKM;kos;B4-5-6;L66-5918;132;0,08
0017193;Relej 24 V DC 2 preklopna kontakta;kos;K3-03-18;;179;52,86
0017194;Cev PVC fi 16 mm;m;K3-03-14;;85,1;1,59
0017194;Cev PVC fi 16 mm;m;B3-3-7;;57,3;1,59
0017202;Rokavice zaščitne nitril vel. 8;par;K3-04-12;;511;1,21
0017210;O-tesnilo 60x1,5 FKM;kos;B2-2-3;;388;0,08
0017218;Olje reduktorsko CLP 46;l;B3-5-5;L46-3865;6,6;5,78
0017226;Filter hidravlični F700;kos;B5-3-10;;18;22,73
0017234;Cev PE fi 8 mm;m;B3-4-7;;100,5;3,93
0017241;Ležaj kroglični 6206-2RS;kos;K2-01-05;;56;5,03
0017250;Filter olja P513;kos;B3-1-10;;16;5,35
0017259;Folija raztezna 23 my (6 rol);pak;B1-1-4;;0;9,96
0017268;Cev PE fi 4 mm;m;B7-2-4;;143,5;3,94
0017273;Lepilo za navoje srednje trdno 250 ml;kos;K3-01-07;L57-7908;61;13,49
0017273;Lepilo za navoje srednje trdno 250 ml;kos;K3-01-07;L27-2318;32;13,49
0017279;Vijak šestrobi DIN 933 M12x30 črno;kos;K1-03-15;;184;0,61
0017281;Matica DIN 934 M6 INOX A2;kos;K1-02-09;;940;0,06
0017281;Matica DIN 934 M6 INOX A2;kos;B9-3-3;;3714;0,06
0017284;Ležaj kroglični 6004-2RS;kos;B1-2-2;;42;11,91
0017284;Ležaj kroglični 6004-2RS;kos;K2-04-12;;14;11,91
0017286;Kabel H07RN-F 5x2,5 mm2;m;K3-01-03;;198,5;0,54
0017287;Mast silikonska;kg;B1-1-7;L43-2225;56;7,46
0017287;Mast silikonska;kg;B1-1-7;L91-3651;85;7,46
0017289;Matica DIN 934 M8 INOX A4;kos;B8-2-6;;1445;0,01
0017290;Kontaktor 4 kW 230 V;kos;B1-5-7;;54;26,31
0017294;Podložka DIN 125 M10 črno;kos;K3-02-04;;3445;0,01
0017300;Rokavice zaščitne usnjene vel. 10;par;B4-2-3;;45;1,01
0017300;Rokavice zaščitne usnjene vel. 10;par;K1-02-16;;440;1,01
0017302;Matica DIN 934 M6 INOX A2;kos;B9-5-6;;2280;0,01
0017311;Kontaktor 7,5 kW 230 V;kos;K3-01-16;;81;51,33
0017316;Lepilo za navoje srednje trdno 250 ml;kos;B5-1-1;L77-7392;60;29,97
0017316;Lepilo za navoje srednje trdno 250 ml;kos;B5-1-1;L60-3029;75;29,97
0017318;Filter hidravlični F155;kos;B3-2-6;;38;10,75
0017321;Vijak šestrobi DIN 933 M6x50 INOX A2;kos;B2-1-2;;657;0,73
0017325;Olje kompresorsko VDL 32;l;B6-2-6;L92-2809;74,0;4,97
0017325;Olje kompresorsko VDL 32;l;B6-2-6;L20-2428;201,9;4,97
0017325;Olje kompresorsko VDL 32;l;B6-2-6;L69-9041;85,0;4,97
0017328;Filter zraka P751;kos;K1-01-03;;6;6,73
0017328;Filter zraka P751;kos;B2-3-4;;11;6,73
0017333;Vezice kabelske 4,8x200 mm (100 kos);pak;B1-3-8;;111;1,33
0017334;Matica DIN 934 M12 INOX A2;kos;K2-04-10;;4038;0,30
0017336;Mast silikonska;kg;K3-02-16;L37-9772;81;17,19
0017336;Mast silikonska;kg;K3-01-10;L36-9292;130;17,19
0017341;Filter olja H263;kos;K3-01-05;;19;6,64
0017349;Olje hidravlično HLP 46;l;K1-04-04;L98-4257;193,0;3,57
0017350;Olje reduktorsko CLP 100;l;B1-1-3;L99-1366;261,7;2,64
0017356;Matica DIN 934 M12 INOX A4;kos;K2-03-07;;6634;0,11
0017361;Olje hidravlično HLP 68;l;B7-2-8;L21-0388;227,3;5,29
0017361;Olje hidravlično HLP 68;l;B7-2-8;L62-9127;257,0;5,29
0017361;Olje hidravlično HLP 68;l;B4-3-5;L99-0881;169,0;5,29
0017361;Olje hidravlično HLP 68;l;B4-3-5;L17-2980;252,5;5,29
0017370;Mast silikonska;kg;K3-02-10;L68-6508;17;8,90
0017370;Mast silikonska;kg;K3-02-10;L63-7659;13;8,90
0017370;Mast silikonska;kg;K3-02-10;L91-6247;101;8,90
0017375;Trak lepilni rjav 48 mm x 66 m (6 kos);pak;B1-1-6;;110;24,17
0017378;Olje reduktorsko CLP 100;l;B4-5-9;L31-4986;27,2;14,91
0017385;O-tesnilo 36x2 EPDM;kos;K3-02-04;;272;0,10
0017390;Cev PE fi 8 mm;m;B3-4-4;;109,2;0,86
0017397;Ležaj kroglični 6001-ZZ;kos;K1-02-04;;19;83,46
0017404;Podložka DIN 125 M12 INOX A4;kos;B1-5-4;;6146;0,16
0017410;Olje kompresorsko VDL 46;l;B1-3-4;L43-0098;169,4;4,54
0017410;Olje kompresorsko VDL 46;l;B1-3-4;L18-0635;354,5;4,54
0017415;Olje kompresorsko VDL 150;l;B5-4-2;L65-1269;286,6;6,97
0017415;Olje kompresorsko VDL 150;l;B5-4-2;L44-8695;74,0;6,97
0017420;Kabel H07RN-F 4x1,5 mm2;m;K3-04-20;;48,1;3,32
0017425;Ležaj kroglični 6004-2RS;kos;B8-2-4;;38;6,98
0017431;Varovalka 2 A gG;kos;K1-01-16;;32;0,63
0017440;Vijak šestrobi DIN 933 M8x20 pocinkano;kos;B5-3-2;;1899;0,34
0017441;Cev PVC fi 6 mm;m;K3-01-17;;68,0;19,03
0017448;Matica DIN 934 M20 črno;kos;K2-01-08;;0;0,33
0017451;Ležaj kroglični 6000-2RS;kos;B9-3-5;;39;24,23
0017460;Vijak šestrobi DIN 933 M8x100 črno;kos;K1-03-20;;4933;0,09
0017462;Relej 24 V DC 2 preklopna kontakta;kos;B2-1-10;;32;8,91
0017471;Rokavice zaščitne protiurezne vel. 9;par;B5-4-7;;37;0,87
0017474;Filter olja F274;kos;B5-3-1;;5;75,57
0017478;Mast za ležaje NLGI 2;kg;B2-5-5;L94-6368;76;8,51
0017481;Olje kompresorsko VDL 100;l;B8-3-6;L87-2588;384,2;16,85
0017481;Olje kompresorsko VDL 100;l;B8-3-6;L74-4956;179,3;16,85
0017481;Olje kompresorsko VDL 100;l;K3-02-16;L21-3721;285,1;16,85
0017481;Olje kompresorsko VDL 100;l;K3-02-16;L38-6589;306,7;16,85
0017481;Olje kompresorsko VDL 100;l;K3-02-16;L02-6012;320,6;16,85
0017482;Vijak šestrobi DIN 933 M8x10 INOX A2;kos;K3-01-13;;273;0,10
0017489;Podložka DIN 125 M20 pocinkano;kos;B3-1-3;;4261;0,03
0017495;Kabel NYM-J 7x1,5 mm2;m;B9-5-7;;398,5;1,71
0017502;Filter hidravlični P246;kos;B6-3-1;;8;39,62
0017506;O-tesnilo 119x4 NBR;kos;B4-5-9;;346;1,96
0017515;Kontaktor 5,5 kW 230 V;kos;B3-3-8;;116;1,31
0017516;Lepilo za navoje srednje trdno 250 ml;kos;B2-2-7;L79-6114;3;12,60
0017516;Lepilo za navoje srednje trdno 250 ml;kos;B2-2-7;L35-1906;58;12,60
0017521;Lepilo za navoje srednje trdno 50 ml;kos;K3-02-09;L69-8490;74;27,54
0017521;Lepilo za navoje srednje trdno 50 ml;kos;K3-02-09;L27-7038;38;27,54
0017530;Rokavice zaščitne protiurezne vel. 11;par;K1-01-18;;158;7,59
0017539;Filter olja P493;kos;B4-1-1;;2;41,73
0017548;O-tesnilo 77x4 NBR;kos;B3-2-1;L43-0988;77;3,73
0017555;Cev PVC fi 20 mm;m;K2-03-02;;94,6;6,29
0017555;Cev PVC fi 20 mm;m;K1-02-15;;7,2;6,29
0017563;Podložka DIN 125 M8 INOX A4;kos;B5-4-4;;9969;0,08
0017569;Rokavice zaščitne nitril vel. 11;par;B1-2-8;;13;0,96
0017575;Cev PVC fi 8 mm;m;B9-5-5;;31,1;15,91
0017582;Lepilo za navoje visoko trdno 250 ml;kos;B6-3-3;L39-2053;49;23,45
0017582;Lepilo za navoje visoko trdno 250 ml;kos;B6-3-3;L02-1465;10;23,45
0017582;Lepilo za navoje visoko trdno 250 ml;kos;B6-3-3;L66-9380;28;23,45
0017583;Olje reduktorsko CLP 100;l;B3-5-10;L11-8489;138,9;3,05
0017583;Olje reduktorsko CLP 100;l;B3-5-10;L55-4393;308,3;3,05
0017583;Olje reduktorsko CLP 100;l;B3-5-10;L76-9042;346,4;3,05
0017587;Filter olja H654;kos;B7-2-9;;3;8,21
0017588;Folija raztezna 23 my (6 rol);pak;B1-1-7;;77;6,03
0017595;Cev PVC fi 4 mm;m;B8-5-7;;137,8;1,18
0017599;Vezice kabelske 4,8x200 mm (100 kos);pak;B1-3-7;;68;19,30
0017600;Lepilo za navoje nizko trdno 50 ml;kos;B2-3-5;L68-1818;53;7,05
0017600;Lepilo za navoje nizko trdno 50 ml;kos;B2-3-5;L45-1848;67;7,05
0017604;Krpe čistilne bombažne (10 kg);pak;B2-1-2;;36;10,47
0017609;Vijak šestrobi DIN 933 M20x40 črno;kos;B2-1-10;;1194;0,30
0017616;Filter olja P233;kos;K2-02-19;;32;36,47
0017624;Cev PVC fi 8 mm;m;B2-2-9;;82,3;5,21
0017633;Rokavice zaščitne protiurezne vel. 9;par;B5-1-8;;145;0,75
0017639;Kabel H07RN-F 3x1,5 mm2;m;B3-2-2;;381,3;1,25
0017640;Ležaj kroglični 6002-2RS;kos;B8-4-9;;16;4,54
0017649;Rokavice zaščitne usnjene vel. 8;par;B8-1-4;;468;2,94
0017651;Rokavice zaščitne protiurezne vel. 9;par;B4-3-3;;154;1,71
0017658;O-tesnilo 70x1,5 NBR;kos;B2-1-5;L94-7697;57;0,45
0017665;Mast silikonska;kg;K1-02-05;L35-7790;20;5,10
0017665;Mast silikonska;kg;K1-04-02;L71-4163;126;5,10
0017674;Folija raztezna 23 my (6 rol);pak;K2-01-02;;74;1,69
0017683;Kabel H05VV-F 7x1,5 mm2;m;B5-4-10;;190,7;5,19
0017692;Ležaj kroglični 6001-2RS;kos;B9-2-9;;49;21,05
0017700;Varovalka 2 A gG;kos;B9-2-3;;104;4,03
0017709;Filter zraka F473;kos;B3-5-8;;12;63,88
0017713;Rokavice zaščitne usnjene vel. 9;par;B9-1-3;;562;5,94
0017713;Rokavice zaščitne usnjene vel. 9;par;K3-04-06;;281;5,94
0017720;Lepilo za navoje srednje trdno 250 ml;kos;B4-3-9;L35-6588;73;6,95
0017720;Lepilo za navoje srednje trdno 250 ml;kos;B4-3-9;L04-3416;59;6,95
0017720;Lepilo za navoje srednje trdno 250 ml;kos;B4-3-9;L51-8275;6;6,95
0017729;Lepilo za navoje nizko trdno 250 ml;kos;K3-01-14;L53-9423;21;10,31
0017729;Lepilo za navoje nizko trdno 250 ml;kos;K3-01-14;L73-3343;5;10,31
0017729;Lepilo za navoje nizko trdno 250 ml;kos;K3-01-14;L33-3952;5;10,31
0017733;Rokavice zaščitne protiurezne vel. 10;par;B6-1-7;;143;16,53
0017738;Lepilo za navoje visoko trdno 250 ml;kos;B2-2-8;L11-1790;70;20,50
0017738;Lepilo za navoje visoko trdno 250 ml;kos;B2-2-8;L80-7595;5;20,50
0017746;Matica DIN 934 M12 INOX A2;kos;K1-01-09;;6400;0,03
0017749;Vijak šestrobi DIN 933 M20x25 črno;kos;B2-2-6;;3829;0,67
0017757;Lepilo za navoje nizko trdno 50 ml;kos;K3-02-09;L79-4728;20;13,02
0017757;Lepilo za navoje nizko trdno 50 ml;kos;K3-02-09;L46-3920;17;13,02
0017757;Lepilo za navoje nizko trdno 50 ml;kos;K3-02-09;L86-7808;74;13,02
0017757;Lepilo za navoje nizko trdno 50 ml;kos;K2-03-19;L56-2718;69;13,02
0017757;Lepilo za navoje nizko trdno 50 ml;kos;K2-03-19;L75-0036;68;13,02
0017757;Lepilo za navoje nizko trdno 50 ml;kos;K2-03-19;L91-5594;0;13,02
0017760;Rokavice zaščitne protiurezne vel. 8;par;B1-4-1;;409;2,10
0017767;Varovalka 16 A gG;kos;B6-4-7;;96;0,47
0017767;Varovalka 16 A gG;kos;K2-02-05;;135;0,47
0017774;Mast silikonska;kg;K3-01-17;L28-4347;35;9,71
0017774;Mast silikonska;kg;B7-1-2;L95-5276;69;9,71
0017774;Mast silikonska;kg;B7-1-2;L36-5564;57;9,71
0017774;Mast silikonska;kg;B7-1-2;L72-9293;50;9,71
0017783;Lepilo za navoje srednje trdno 50 ml;kos;B7-4-6;L14-3866;62;13,57
0017783;Lepilo za navoje srednje trdno 50 ml;kos;B7-4-6;L32-2702;44;13,57
0017790;Podložka DIN 125 M6 črno;kos;B5-3-8;;6162;0,33
0017792;Ležaj kroglični 6206-2RS;kos;B8-3-5;;34;22,22
0017797;Cev PE fi 4 mm;m;B6-5-5;;40,7;6,04
0017802;Rokavice zaščitne protiurezne vel. 7;par;K2-04-01;;502;11,88
0017810;Podložka DIN 125 M4 INOX A2;kos;K2-04-06;;1509;0,07
0017816;Ležaj kroglični 6204-ZZ;kos;B3-2-1;;7;4,68
0017820;Senzor induktivni M12 PNP;kos;B2-5-10;;82;16,26
0017821;Vijak šestrobi DIN 933 M10x16 pocinkano;kos;B2-4-10;;3790;0,07
0017828;Lepilo za navoje nizko trdno 10 ml;kos;K2-03-05;L67-2885;62;24,39
0017828;Lepilo za navoje nizko trdno 10 ml;kos;K2-03-05;L74-4890;0;24,39
0017828;Lepilo za navoje nizko trdno 10 ml;kos;K2-03-05;L61-2034;31;24,39
0017837;Olje kompresorsko VDL 68;l;B7-4-9;L71-7545;392,3;5,65
0017837;Olje kompresorsko VDL 68;l;B7-4-9;L58-8450;317,5;5,65
0017846;Cev silikonska fi 25 mm;m;B3-5-2;;70,0;2,02
0017851;Olje kompresorsko VDL 68;l;B8-3-3;L61-5939;345,7;11,05
0017851;Olje kompresorsko VDL 68;l;B8-3-3;L98-2455;73,8;11,05
0017860;Podložka DIN 125 M10 pocinkano;kos;B9-4-9;;202;0,35
0017861;Vijak šestrobi DIN 933 M6x25 INOX A4;kos;B5-4-8;;998;0,35
0017867;Vezice kabelske 4,8x200 mm (100 kos);pak;B7-5-9;;82;1,52
0017867;Vezice kabelske 4,8x200 mm (100 kos);pak;K1-03-03;;88;1,52
0017869;O-tesnilo 43x2,5 EPDM;kos;K2-04-11;;78;0,66
0017877;Folija raztezna 23 my (6 rol);pak;K1-01-02;;53;5,00
0017880;Kontaktor 5,5 kW 230 V;kos;B2-3-2;;45;43,09
0017889;Filter zraka P236;kos;B5-1-5;;1;9,43
0017889;Filter zraka P236;kos;K3-01-12;;4;9,43
0017896;Relej 24 V DC 2 preklopna kontakta;kos;K2-02-17;;43;4,83
0017904;Cev PVC fi 25 mm;m;B8-1-9;;75,3;1,44
0017913;Rokavice zaščitne usnjene vel. 10;par;K2-03-15;;102;0,95
0017922;Krpe čistilne bombažne (10 kg);pak;B5-5-7;;71;4,36
0017925;Varovalka 10 A gG;kos;K1-01-04;;145;4,10
0017928;Trak lepilni rjav 48 mm x 66 m (6 kos);pak;K2-04-01;;28;3,60
0017935;Podložka DIN 125 M5 črno;kos;K2-04-10;;9162;0,19
0017944;Podložka DIN 125 M8 INOX A2;kos;B6-1-1;;8950;0,03
0017948;Kabel NYY-J 3x2,5 mm2;m;K3-03-11;;180,2;0,94
0017948;Kabel NYY-J 3x2,5 mm2;m;K1-02-05;;203,4;0,94
0017949;Lepilo za navoje visoko trdno 50 ml;kos;K1-04-01;L87-7169;58;34,31
0017949;Lepilo za navoje visoko trdno 50 ml;kos;K1-04-01;L47-2256;75;34,31
0017949;Lepilo za navoje visoko trdno 50 ml;kos;K1-04-01;L99-6112;24;34,31
0017952;Mast litijeva EP2;kg;K3-04-13;L53-5544;128;5,76
0017952;Mast litijeva EP2;kg;K3-04-13;L96-4759;55;5,76
0017960;Kontaktor 7,5 kW 230 V;kos;B3-1-1;;186;0,78
0017960;Kontaktor 7,5 kW 230 V;kos;B3-4-8;;45;0,78
0017961;Vijak šestrobi DIN 933 M10x50 črno;kos;K1-02-07;;4710;0,31
0017969;Kabel H07RN-F 5x4 mm2;m;B8-4-2;;194,9;5,36
0017978;Cev PVC fi 4 mm;m;B7-1-10;;17,7;1,56
0017984;Matica DIN 934 M20 pocinkano;kos;B5-2-6;;7706;0,05
0017986;Vijak šestrobi DIN 933 M6x80 INOX A2;kos;K2-04-11;;807;0,67
0017991;Ležaj kroglični 6205-ZZ;kos;B4-5-8;;59;30,29
0017992;Lepilo za navoje visoko trdno 50 ml;kos;K1-04-02;L87-6220;7;7,09
0017995;Varovalka 4 A gG;kos;K1-02-02;;36;32,98
0017996;Matica DIN 934 M5 pocinkano;kos;B3-4-3;;5158;0,02
0017997;Mast litijeva EP2;kg;K2-01-12;L23-4132;160;20,37
0018001;Vijak šestrobi DIN 933 M10x60 INOX A2;kos;K2-01-20;;2519;0,14
0018010;Matica DIN 934 M6 INOX A4;kos;B1-3-4;;1251;0,02
0018010;Matica DIN 934 M6 INOX A4;kos;K2-03-02;;4822;0,02
0018016;Podložka DIN 125 M6 INOX A4;kos;K2-04-16;;5833;0,04
0018016;Podložka DIN 125 M6 INOX A4;kos;B4-5-9;;1181;0,04
0018017;Filter zraka P782;kos;K2-04-08;;0;33,28
0018019;Ležaj kroglični 6205-2RS;kos;B8-2-8;;25;5,59
0018024;Filter zraka F966;kos;B4-1-10;;4;5,47
0018031;Matica DIN 934 M12 INOX A2;kos;B6-4-5;;603;0,09
0018039;Varovalka 25 A gG;kos;B6-4-9;;88;3,26
0018039;Varovalka 25 A gG;kos;K2-01-14;;41;3,26
0018040;Ležaj kroglični 6201-2RS;kos;K3-02-01;;32;7,98
0018040;Ležaj kroglični 6201-2RS;kos;B8-3-2;;29;7,98
0018046;Cev PE fi 6 mm;m;B8-1-7;;36,3;2,73
0018050;O-tesnilo 66x1,5 NBR;kos;B9-5-5;L61-1178;398;2,33
0018052;Filter hidravlični F139;kos;B9-3-3;;26;9,97
0018057;Filter zraka H265;kos;B1-2-4;;24;20,53
0018057;Filter zraka H265;kos;K1-04-20;;2;20,53
0018059;Kabel NYM-J 4x1,5 mm2;m;B9-2-9;;379,4;0,48
0018063;Kabel NYM-J 2x0,75 mm2;m;K2-01-14;;164,4;7,02
0018070;Podložka DIN 125 M5 INOX A2;kos;B4-4-7;;5921;0,01
0018078;Cev silikonska fi 12 mm;m;K2-03-05;;138,4;4,14
0018082;Lepilo za navoje visoko trdno 10 ml;kos;K1-01-01;L00-6811;56;31,47
0018082;Lepilo za navoje visoko trdno 10 ml;kos;K1-01-01;L49-2164;11;31,47
0018088;Lepilo za navoje srednje trdno 250 ml;kos;K1-02-17;L33-4722;55;9,74
0018088;Lepilo za navoje srednje trdno 250 ml;kos;K1-02-17;L82-0055;43;9,74
0018088;Lepilo za navoje srednje trdno 250 ml;kos;B1-2-10;L77-8487;15;9,74
0018089;Mast silikonska;kg;B6-1-9;L28-2997;150;11,94
0018089;Mast silikonska;kg;B6-1-9;L96-8845;142;11,94
0018089;Mast silikonska;kg;B6-1-9;L78-3174;145;11,94
0018094;Lepilo za navoje srednje trdno 50 ml;kos;B2-2-8;L56-4240;79;9,92
0018103;Vijak šestrobi DIN 933 M10x80 črno;kos;K3-01-11;;1882;1,31
0018105;Ležaj kroglični 6205-ZZ;kos;B8-5-2;;7;33,60
0018112;Cev PVC fi 8 mm;m;B2-1-1;;51,8;1,64
0018116;Folija raztezna 23 my (6 rol);pak;B5-2-6;;86;15,69
0018121;Lepilo za navoje nizko trdno 10 ml;kos;B1-2-6;L08-2547;56;44,61
0018121;Lepilo za navoje nizko trdno 10 ml;kos;B1-2-6;L80-7740;18;44,61
0018122;Ležaj kroglični 6205-2RS;kos;K2-02-04;;27;19,20
0018123;Folija raztezna 23 my (6 rol);pak;K3-02-16;;13;11,15
0018132;Filter zraka F478;kos;K2-03-16;;38;48,90
0018140;Podložka DIN 125 M5 pocinkano;kos;K2-02-01;;4847;0,37
0018149;Vijak šestrobi DIN 933 M5x50 črno;kos;B3-5-2;;2966;1,12
0018158;Olje kompresorsko VDL 46;l;K1-04-10;L64-9308;26,2;7,96
0018159;O-tesnilo 74x1,5 FKM;kos;B2-5-6;;101;0,54
0018166;Lepilo za navoje srednje trdno 50 ml;kos;K3-03-14;L53-6866;64;19,93
0018166;Lepilo za navoje srednje trdno 50 ml;kos;K3-04-15;L32-6634;22;19,93
0018166;Lepilo za navoje srednje trdno 50 ml;kos;K3-04-15;L16-3894;55;19,93
0018166;Lepilo za navoje srednje trdno 50 ml;kos;K3-04-15;L48-4631;65;19,93
0018169;Mast silikonska;kg;K3-04-17;L22-4179;13;21,75
0018169;Mast silikonska;kg;K3-04-17;L74-9735;151;21,75
0018175;Ležaj kroglični 6001-ZZ;kos;K2-04-05;;32;69,36
0018175;Ležaj kroglični 6001-ZZ;kos;B9-4-4;;12;69,36
0018183;O-tesnilo 91x4 EPDM;kos;B8-2-3;L02-0802;342;0,20
0018183;O-tesnilo 91x4 EPDM;kos;B8-2-3;L14-4270;208;0,20
0018186;O-tesnilo 86x1,5 EPDM;kos;B6-4-10;;284;3,34
0018190;Senzor induktivni M12 PNP;kos;K1-01-05;;27;5,41
0018197;Podložka DIN 125 M6 INOX A4;kos;K3-02-16;;2148;0,08
0018198;Olje kompresorsko VDL 46;l;K1-04-04;L31-2073;57,3;4,29
0018203;Cev silikonska fi 8 mm;m;K1-01-06;;5,5;21,32
0018205;Matica DIN 934 M10 pocinkano;kos;K2-04-11;;2133;0,03
0018211;Rokavice zaščitne protiurezne vel. 8;par;B9-2-8;;427;17,91
0018212;Kabel H07RN-F 3x1,5 mm2;m;K2-02-20;;18,9;0,41
0018215;Kabel LiYCY 7x1,5 mm2;m;B3-3-8;;26,8;1,07
0018215;Kabel LiYCY 7x1,5 mm2;m;K3-02-02;;225,1;1,07
0018216;Filter hidravlični H511;kos;K1-03-06;;5;83,56
0018225;Podložka DIN 125 M10 pocinkano;kos;B1-1-3;;9130;0,08
0018228;Matica DIN 934 M10 pocinkano;kos;B3-1-8;;5199;0,07
0018231;Cev silikonska fi 12 mm;m;K2-02-02;;144,1;4,88
0018238;Senzor induktivni M18 PNP;kos;B2-5-3;;81;7,18
0018239;Matica DIN 934 M5 INOX A2;kos;B2-1-10;;3059;0,26
0018243;Varovalka 10 A gG;kos;B2-2-4;;193;4,48
0018252;Filter olja F531;kos;K3-03-14;;17;14,25
0018258;Kabel NYY-J 2x0,75 mm2;m;B1-3-6;;112,3;1,42
0018258;Kabel NYY-J 2x0,75 mm2;m;K2-04-19;;205,9;1,42
0018261;Vijak šestrobi DIN 933 M10x35 črno;kos;K2-03-01;;3412;0,43
0018262;Kabel H05VV-F 3x2,5 mm2;m;B7-2-9;;402,4;0,64
0018270;Kabel NYY-J 2x0,75 mm2;m;B7-2-6;;158,5;2,88
0018279;Filter hidravlični F535;kos;B8-3-9;;25;7,73
0018282;Folija raztezna 23 my (6 rol);pak;B6-5-7;;43;16,13
0018288;Ležaj kroglični 6000-2RS;kos;B4-2-5;;10;34,69
0018293;Podložka DIN 125 M20 črno;kos;K3-04-03;;5277;0,35
0018295;Cev PVC fi 6 mm;m;B3-1-3;;104,0;1,04
0018300;Olje kompresorsko VDL 220;l;K2-01-20;L56-4757;163,2;5,49
0018300;Olje kompresorsko VDL 220;l;K2-01-20;L05-1204;203,5;5,49
0018300;Olje kompresorsko VDL 220;l;K2-01-20;L61-8723;53,3;5,49
0018300;Olje kompresorsko VDL 220;l;B1-2-6;L46-0136;244,9;5,49
0018306;Mast litijeva EP2;kg;B3-4-9;L73-0371;43;32,53
0018306;Mast litijeva EP2;kg;B3-4-9;L83-7645;109;32,53
0018308;Podložka DIN 125 M5 INOX A2;kos;B5-4-5;;5705;0,01
0018312;Cev PE fi 20 mm;m;K1-02-03;;131,1;14,13
0018315;Kabel LiYCY 5x2,5 mm2;m;K3-04-18;;266,6;0,67
0018315;Kabel LiYCY 5x2,5 mm2;m;K2-03-01;;220,8;0,67
0018316;Vijak šestrobi DIN 933 M16x25 INOX A4;kos;K1-02-09;;1662;0,38
0018318;Matica DIN 934 M6 INOX A2;kos;K1-01-09;;6369;0,02
0018326;Rokavice zaščitne protiurezne vel. 7;par;B9-1-8;;310;2,78
0018329;Mast litijeva EP2;kg;K2-02-19;L20-8814;19;4,29
0018329;Mast litijeva EP2;kg;K2-02-19;L74-3503;91;4,29
0018329;Mast litijeva EP2;kg;K2-02-19;L13-6502;168;4,29
0018338;Vijak šestrobi DIN 933 M5x60 črno;kos;B6-2-2;;321;1,52
0018345;Lepilo za navoje srednje trdno 50 ml;kos;B3-5-9;L49-1630;30;25,56
0018350;Vijak šestrobi DIN 933 M4x100 pocinkano;kos;B9-1-6;;4262;0,20
0018352;Krpe čistilne bombažne (10 kg);pak;B6-2-1;;47;3,85
0018357;O-tesnilo 59x1,5 EPDM;kos;B8-3-1;;322;0,19
0018361;Mast silikonska;kg;K3-03-08;L09-7925;62;23,38
0018361;Mast silikonska;kg;K3-03-08;L13-2719;32;23,38
0018361;Mast silikonska;kg;K3-03-08;L50-0528;117;23,38
0018361;Mast silikonska;kg;K3-03-17;L12-7358;138;23,38
0018361;Mast silikonska;kg;K3-03-17;L57-3065;160;23,38
0018361;Mast silikonska;kg;K3-03-17;L24-0778;109;23,38
0018370;Olje hidravlično HLP 220;l;B7-3-3;L48-7392;197,3;8,42
0018370;Olje hidravlično HLP 220;l;B7-3-3;L85-5749;344,9;8,42
0018370;Olje hidravlično HLP 220;l;B7-3-3;L82-1827;57,3;8,42
0018375;Cev PU fi 4 mm;m;K3-01-03;;146,5;11,73
0018380;Podložka DIN 125 M10 INOX A2;kos;K3-03-15;;8643;0,28
0018384;Ležaj kroglični 6305-2RS;kos;K3-03-12;;59;5,76
0018384;Ležaj kroglični 6305-2RS;kos;K3-04-06;;37;5,76
0018388;Podložka DIN 125 M4 INOX A2;kos;B3-2-10;;134;0,02
0018388;Podložka DIN 125 M4 INOX A2;kos;B1-2-6;;6423;0,02
0018396;Cev silikonska fi 6 mm;m;K3-02-17;;139,5;0,93
0018396;Cev silikonska fi 6 mm;m;K3-01-02;;3,2;0,93
0018405;Matica DIN 934 M10 INOX A2;kos;B6-5-6;;7454;0,05
0018414;O-tesnilo 45x2 EPDM;kos;B1-5-9;;389;3,58
0018423;Rokavice zaščitne nitril vel. 8;par;K2-04-13;;110;1,75
0018424;Vijak šestrobi DIN 933 M8x100 pocinkano;kos;B4-4-7;;2335;0,16
0018430;Relej 230 V AC 2 preklopna kontakta;kos;B9-5-7;;100;0,44
0018437;O-tesnilo 16x1,5 NBR;kos;B8-3-10;L44-8570;365;3,07
0018441;O-tesnilo 5x3 EPDM;kos;K2-04-16;L86-2095;272;0,30
0018441;O-tesnilo 5x3 EPDM;kos;K2-04-16;L93-5186;193;0,30
0018441;O-tesnilo 5x3 EPDM;kos;K2-04-16;L38-7829;394;0,30
0018445;Cev silikonska fi 10 mm;m;K2-01-18;;80,5;2,12
0018445;Cev silikonska fi 10 mm;m;K2-03-12;;109,1;2,12
0018449;Olje reduktorsko CLP 150;l;K2-03-10;L45-6511;271,5;7,71
0018449;Olje reduktorsko CLP 150;l;K2-03-10;L81-0220;321,1;7,71
0018449;Olje reduktorsko CLP 150;l;K2-03-10;L31-7310;150,1;7,71
0018450;Kabel NYY-J 4x1,5 mm2;m;B2-3-10;;20,1;0,68
0018454;Podložka DIN 125 M4 pocinkano;kos;B8-2-8;;8652;0,02
0018463;Folija raztezna 23 my (6 rol);pak;B2-4-1;;0;4,33
0018469;Podložka DIN 125 M5 črno;kos;B3-3-1;;1578;0,04
0018472;Mast za ležaje NLGI 2;kg;B2-3-7;L96-7899;166;9,52
0018472;Mast za ležaje NLGI 2;kg;B2-3-7;L40-5391;72;9,52
0018472;Mast za ležaje NLGI 2;kg;B2-3-7;L03-7170;152;9,52
0018479;Podložka DIN 125 M16 INOX A4;kos;K1-02-19;;974;0,02
0018479;Podložka DIN 125 M16 INOX A4;kos;B7-5-3;;4430;0,02
0018485;O-tesnilo 21x1,5 EPDM;kos;K1-03-08;;227;0,32
0018494;Podložka DIN 125 M4 INOX A2;kos;K1-03-19;;395;0,02
0018495;Matica DIN 934 M16 INOX A2;kos;B9-2-10;;1506;0,64
0018499;Folija raztezna 23 my (6 rol);pak;B4-4-2;;79;3,07
0018505;Varovalka 32 A gG;kos;K1-04-20;;184;4,74
0018513;Ležaj kroglični 6001-2RS;kos;K2-02-06;;51;93,04
0018513;Ležaj kroglični 6001-2RS;kos;B8-4-3;;45;93,04
0018514;Matica DIN 934 M5 INOX A4;kos;K1-02-05;;6786;0,80
0018516;Kabel H07RN-F 4x1,5 mm2;m;B8-3-2;;361,9;0,47
0018517;Folija raztezna 23 my (6 rol);pak;B2-3-3;;1;2,35
0018517;Folija raztezna 23 my (6 rol);pak;B9-5-1;;90;2,35
0018519;Olje kompresorsko VDL 68;l;B7-1-1;L58-6509;233,4;7,81
0018519;Olje kompresorsko VDL 68;l;B7-1-1;L48-0141;170,2;7,81
0018519;Olje kompresorsko VDL 68;l;B7-1-1;L38-1138;235,7;7,81
0018523;Krpe čistilne bombažne (10 kg);pak;B6-4-6;;53;3,84
0018525;Lepilo za navoje nizko trdno 250 ml;kos;B5-1-8;L63-3839;10;38,74
0018525;Lepilo za navoje nizko trdno 250 ml;kos;B5-1-8;L28-8619;43;38,74
0018525;Lepilo za navoje nizko trdno 250 ml;kos;B5-1-8;L57-6122;46;38,74
0018534;Rokavice zaščitne protiurezne vel. 10;par;K1-02-10;;378;1,28
0018542;O-tesnilo 72x2 FKM;kos;K2-01-13;L86-8528;227;2,68
0018542;O-tesnilo 72x2 FKM;kos;K2-01-13;L97-5585;224;2,68
0018550;Ležaj kroglični 6305-2RS;kos;B7-1-7;;36;91,83
0018555;Podložka DIN 125 M12 INOX A2;kos;K3-02-16;;2359;0,04
0018564;Vijak šestrobi DIN 933 M12x30 pocinkano;kos;B6-4-4;;3728;0,15
0018570;Kabel NYM-J 3x2,5 mm2;m;K2-03-09;;487,6;12,12
0018571;Olje reduktorsko CLP 68;l;B7-2-7;L56-6593;42,6;3,11
0018571;Olje reduktorsko CLP 68;l;B7-2-7;L98-3684;41,8;3,11
0018571;Olje reduktorsko CLP 68;l;B7-2-7;L57-7600;42,0;3,11
0018579;Filter hidravlični H197;kos;B3-5-6;;29;37,05
0018586;Vijak šestrobi DIN 933 M6x16 pocinkano;kos;B5-4-10;;2245;0,12
0018588;Rokavice zaščitne nitril vel. 7;par;B4-4-7;;589;12,51
0018594;Trak lepilni rjav 48 mm x 66 m (6 kos);pak;B2-1-2;;28;1,24
0018597;Kabel NYY-J 3x2,5 mm2;m;B7-5-8;;404,3;1,78
0018599;Filter olja P295;kos;K2-02-14;;38;83,39
0018605;Rokavice zaščitne nitril vel. 8;par;B1-5-10;;231;5,79
0018610;Filter hidravlični F308;kos;B1-1-4;;3;49,84
0018614;Cev PVC fi 12 mm;m;K3-02-12;;46,3;0,99
0018620;Lepilo za navoje nizko trdno 10 ml;kos;B5-5-10;L49-0824;19;41,50
0018620;Lepilo za navoje nizko trdno 10 ml;kos;B5-5-10;L04-3350;50;41,50
0018620;Lepilo za navoje nizko trdno 10 ml;kos;B5-5-10;L48-8899;8;41,50
0018627;Mast silikonska;kg;B1-2-10;L21-0752;140;33,24
0018627;Mast silikonska;kg;B1-2-10;L24-5933;113;33,24
0018627;Mast silikonska;kg;B1-2-10;L44-1969;12;33,24
0018627;Mast silikonska;kg;B9-1-8;L31-5727;129;33,24
0018632;Kontaktor 5,5 kW 230 V;kos;K2-04-05;;58;7,29
0018633;Vijak šestrobi DIN 933 M16x40 črno;kos;B4-2-1;;0;0,11
0018636;Rokavice zaščitne usnjene vel. 7;par;B8-4-9;;410;0,77
0018639;O-tesnilo 18x3 EPDM;kos;K3-02-13;L91-9409;81;0,22
0018639;O-tesnilo 18x3 EPDM;kos;K3-02-13;L61-0556;118;0,22
0018639;O-tesnilo 18x3 EPDM;kos;K3-02-13;L61-3906;53;0,22
0018641;Vijak šestrobi DIN 933 M4x60 pocinkano;kos;B1-5-8;;0;0,36
0018650;Olje reduktorsko CLP 150;l;B3-2-10;L04-8058;56,7;4,18
0018650;Olje reduktorsko CLP 150;l;B3-2-10;L92-5832;3,6;4,18
0018650;Olje reduktorsko CLP 150;l;B2-5-1;L06-7998;379,2;4,18
0018650;Olje reduktorsko CLP 150;l;B2-5-1;L13-6462;137,8;4,18
0018650;Olje reduktorsko CLP 150;l;B2-5-1;L25-1790;231,4;4,18
0018659;Filter hidravlični H431;kos;B2-4-10;;28;86,99
0018664;Podložka DIN 125 M16 pocinkano;kos;B9-3-10;;238;0,02
0018667;Mast za ležaje NLGI 2;kg;B6-2-2;L86-4168;178;8,87
0018667;Mast za ležaje NLGI 2;kg;B6-2-2;L62-2783;1;8,87
0018675;Matica DIN 934 M5 INOX A4;kos;K2-02-14;;5837;0,44
0018678;Matica DIN 934 M6 pocinkano;kos;B3-3-8;;6021;0,05
0018679;Rokavice zaščitne usnjene vel. 11;par;B3-2-5;;350;0,83
0018679;Rokavice zaščitne usnjene vel. 11;par;K1-04-06;;330;0,83
0018687;Varovalka 10 A gG;kos;B7-5-8;;196;14,76
0018691;Matica DIN 934 M16 INOX A2;kos;B4-3-7;;7976;0,10
0018696;Trak lepilni rjav 48 mm x 66 m (6 kos);pak;B3-5-2;;21;11,02
0018697;Vijak šestrobi DIN 933 M6x50 INOX A2;kos;K3-02-11;;1158;0,32
0018700;Vijak šestrobi DIN 933 M10x12 INOX A4;kos;K3-04-01;;4349;0,07
0018702;Matica DIN 934 M16 INOX A4;kos;B1-2-1;;6119;0,13
0018703;Podložka DIN 125 M4 INOX A2;kos;B4-1-3;;7291;0,37
0018711;Kabel H07RN-F 5x4 mm2;m;B4-5-9;;108,0;8,85
0018720;Matica DIN 934 M16 INOX A4;kos;B9-1-6;;6857;0,54
0018721;Kabel NYY-J 3x1,5 mm2;m;K1-02-01;;79,6;11,01
0018730;Ležaj kroglični 6002-2RS;kos;K3-01-03;;53;33,45
0018732;Mast za ležaje NLGI 2;kg;B4-2-3;L76-9389;8;9,37
0018732;Mast za ležaje NLGI 2;kg;B4-2-3;L83-3146;139;9,37
0018732;Mast za ležaje NLGI 2;kg;B4-2-3;L59-1166;18;9,37
0018739;Cev PU fi 8 mm;m;B5-1-8;;3,8;5,25
0018748;Vijak šestrobi DIN 933 M12x35 INOX A4;kos;B9-1-3;;382;1,56
0018755;Ležaj kroglični 6204-2RS;kos;B9-1-4;;38;4,62
0018760;Filter olja H771;kos;B9-1-1;;39;5,64
0018764;Relej 230 V AC 2 preklopna kontakta;kos;K1-01-15;;99;10,79
0018767;Cev PVC fi 6 mm;m;B5-3-2;;71,3;2,13
0018767;Cev PVC fi 6 mm;m;B9-3-1;;66,6;2,13
0018772;Rokavice zaščitne nitril vel. 7;par;K3-03-02;;514;6,04
0018774;Kontaktor 11 kW 230 V;kos;B2-4-7;;98;15,98
0018779;Ležaj kroglični 6004-ZZ;kos;B6-4-9;;12;49,91
0018785;Rokavice zaščitne nitril vel. 9;par;B6-2-7;;45;3,66
0018789;Matica DIN 934 M5 INOX A4;kos;B9-2-6;;2287;0,45
0018795;Krpe čistilne bombažne (10 kg);pak;K2-03-08;;102;16,57
0018803;Cev PE fi 16 mm;m;B5-5-6;;56,4;18,46
0018810;Cev silikonska fi 6 mm;m;B3-3-10;;76,7;3,34
0018811;Olje kompresorsko VDL 32;l;K3-02-04;L55-3559;334,7;7,99
0018811;Olje kompresorsko VDL 32;l;K3-02-04;L04-2597;312,4;7,99
0018818;Lepilo za navoje srednje trdno 50 ml;kos;B8-5-1;L92-7033;31;29,27
0018818;Lepilo za navoje srednje trdno 50 ml;kos;B8-5-1;L52-1103;0;29,27
0018823;Podložka DIN 125 M8 INOX A4;kos;B3-3-2;;4784;0,18
0018824;Rokavice zaščitne usnjene vel. 11;par;B4-2-2;;318;4,37
0018830;O-tesnilo 32x1,5 FKM;kos;K1-01-19;L92-4051;20;0,78
0018830;O-tesnilo 32x1,5 FKM;kos;K1-01-19;L47-7053;356;0,78
0018830;O-tesnilo 32x1,5 FKM;kos;K1-01-19;L83-3884;258;0,78
0018839;Vezice kabelske 4,8x200 mm (100 kos);pak;B3-3-4;;12;26,70
0018839;Vezice kabelske 4,8x200 mm (100 kos);pak;B2-4-2;;41;26,70
0018842;Ležaj kroglični 6203-ZZ;kos;K1-04-08;;55;40,15
0018850;Vijak šestrobi DIN 933 M5x40 INOX A2;kos;K3-03-14;;4383;0,36
0018857;Filter olja P940;kos;K1-02-04;;26;8,18
0018863;Cev PU fi 10 mm;m;B2-2-4;;129,8;3,77
0018863;Cev PU fi 10 mm;m;K3-03-12;;90,9;3,77
0018872;Matica DIN 934 M4 INOX A4;kos;B1-5-7;;4063;0,04
0018875;Relej 230 V AC 2 preklopna kontakta;kos;B4-5-10;;78;4,23
0018879;Lepilo za navoje nizko trdno 10 ml;kos;B9-1-8;L87-9206;64;28,27
0018879;Lepilo za navoje nizko trdno 10 ml;kos;B9-1-8;L98-0420;5;28,27
0018879;Lepilo za navoje nizko trdno 10 ml;kos;B9-1-8;L43-9407;26;28,27
0018886;Lepilo za navoje visoko trdno 50 ml;kos;B9-1-1;L01-6451;24;25,05
0018886;Lepilo za navoje visoko trdno 50 ml;kos;B9-1-1;L04-6368;63;25,05
0018886;Lepilo za navoje visoko trdno 50 ml;kos;B9-1-1;L15-7981;45;25,05
0018889;Kontaktor 7,5 kW 230 V;kos;K1-01-04;;134;0,95
0018892;Vijak šestrobi DIN 933 M10x30 črno;kos;B5-3-8;;1906;0,45
0018899;Cev PVC fi 16 mm;m;B2-5-4;;95,0;20,05
0018900;Olje hidravlično HLP 100;l;B3-3-4;L23-8780;82,8;8,56
0018907;Vijak šestrobi DIN 933 M5x10 črno;kos;B8-2-3;;4585;0,04
0018911;Olje kompresorsko VDL 150;l;B2-5-2;L03-8457;345,8;9,01
0018911;Olje kompresorsko VDL 150;l;B2-5-2;L62-0555;379,0;9,01
0018916;Olje reduktorsko CLP 100;l;B6-2-9;L43-8404;395,9;6,60
0018920;Varovalka 4 A gG;kos;B6-5-10;;144;10,12
0018923;Relej 24 V DC 2 preklopna kontakta;kos;K3-02-03;;96;3,14
0018924;Cev PU fi 25 mm;m;K3-03-14;;82,2;14,04
0018932;O-tesnilo 18x2 NBR;kos;K2-03-03;;339;0,57
0018941;Kabel H07RN-F 2x0,75 mm2;m;B8-5-5;;235,9;9,28
0018941;Kabel H07RN-F 2x0,75 mm2;m;B4-3-9;;388,9;9,28
0018947;Cev PVC fi 16 mm;m;B1-5-7;;15,8;9,01
0018950;Rokavice zaščitne protiurezne vel. 7;par;B6-3-5;;360;2,10
0018956;Cev PE fi 4 mm;m;K2-04-01;;44,3;5,28
0018962;Mast silikonska;kg;B2-2-2;L60-8432;5;12,24
0018967;Podložka DIN 125 M16 INOX A2;kos;K3-03-18;;1571;0,12
0018967;Podložka DIN 125 M16 INOX A2;kos;K1-03-19;;3406;0,12
0018971;Filter hidravlični H735;kos;K3-03-13;;34;19,18
0018979;Ležaj kroglični 6001-2RS;kos;B5-4-7;;50;14,30
0018982;Podložka DIN 125 M20 črno;kos;B7-5-8;;7884;0,12
0018982;Podložka DIN 125 M20 črno;kos;K2-04-01;;3986;0,12
0018986;Rokavice zaščitne protiurezne vel. 11;par;B7-2-7;;401;12,82
0018992;O-tesnilo 29x1,5 EPDM;kos;K3-03-03;;79;1,20
0018993;Podložka DIN 125 M5 pocinkano;kos;B8-1-8;;4733;0,04
0018993;Podložka DIN 125 M5 pocinkano;kos;K1-03-08;;4754;0,04
0019001;Vijak šestrobi DIN 933 M4x10 INOX A2;kos;B9-1-6;;3615;0,13
0019009;Cev PE fi 25 mm;m;B2-5-2;;72,1;5,71
0019016;Varovalka 2 A gG;kos;B5-3-6;;190;3,17
0019023;O-tesnilo 77x3 EPDM;kos;B2-4-1;L56-2168;188;0,17
0019023;O-tesnilo 77x3 EPDM;kos;B2-4-1;L93-6392;361;0,17
0019023;O-tesnilo 77x3 EPDM;kos;B2-4-1;L64-9578;169;0,17
0019027;Vijak šestrobi DIN 933 M12x60 črno;kos;B8-1-9;;3840;0,51
0019034;Rokavice zaščitne nitril vel. 10;par;B7-3-2;;583;1,66
0019040;Lepilo za navoje visoko trdno 50 ml;kos;B9-5-6;L23-2983;38;38,50
0019040;Lepilo za navoje visoko trdno 50 ml;kos;B9-5-6;L24-8262;40;38,50
0019045;Filter zraka H726;kos;K3-01-08;;16;7,49
0019050;O-tesnilo 79x3 FKM;kos;B9-2-10;L92-5188;341;0,20
0019050;O-tesnilo 79x3 FKM;kos;B9-2-10;L12-5205;92;0,20
0019050;O-tesnilo 79x3 FKM;kos;B9-2-10;L66-4742;29;0,20
0019056;Olje reduktorsko CLP 46;l;B5-3-4;L31-2209;264,1;8,54
0019056;Olje reduktorsko CLP 46;l;B5-3-4;L94-9993;214,9;8,54
0019056;Olje reduktorsko CLP 46;l;B5-3-4;L93-3051;383,4;8,54
0019061;Matica DIN 934 M8 INOX A2;kos;K2-03-15;;1043;0,02
0019061;Matica DIN 934 M8 INOX A2;kos;K1-01-07;;4023;0,02
0019067;O-tesnilo 120x4 FKM;kos;B9-3-3;;304;0,17
0019070;Folija raztezna 23 my (6 rol);pak;B7-1-10;;49;1,36
0019070;Folija raztezna 23 my (6 rol);pak;B6-4-5;;79;1,36
0019074;Lepilo za navoje srednje trdno 10 ml;kos;B8-2-5;L72-8975;60;7,98
0019080;Krpe čistilne bombažne (10 kg);pak;K2-04-20;;44;22,15
0019088;Vijak šestrobi DIN 933 M16x12 INOX A2;kos;B8-2-10;;2730;1,40
0019095;Cev PU fi 6 mm;m;K2-02-14;;61,7;1,02
0019098;Ležaj kroglični 6204-2RS;kos;B1-4-5;;30;76,10
0019103;Podložka DIN 125 M10 črno;kos;B7-1-9;;6910;0,02
0019103;Podložka DIN 125 M10 črno;kos;B5-4-8;;6592;0,02
0019112;Trak lepilni rjav 48 mm x 66 m (6 kos);pak;K3-03-17;;19;1,34
0019117;Cev PVC fi 8 mm;m;K3-03-13;;59,5;15,08
0019119;Mast za ležaje NLGI 2;kg;B5-2-3;L26-7722;94;6,11
0019119;Mast za ležaje NLGI 2;kg;B7-3-7;L33-0604;144;6,11
0019124;Cev silikonska fi 16 mm;m;B4-2-4;;32,3;1,46
0019128;Vijak šestrobi DIN 933 M6x10 INOX A2;kos;B3-2-1;;1931;0,09
0019129;Ležaj kroglični 6004-ZZ;kos;B3-3-6;;30;13,47
0019135;Trak lepilni rjav 48 mm x 66 m (6 kos);pak;K1-02-20;;105;5,25
0019141;Ležaj kroglični 6000-2RS;kos;B2-1-8;;59;8,76
0019145;Kontaktor 7,5 kW 230 V;kos;B3-4-5;;118;0,46
0019147;Filter hidravlični P916;kos;B2-5-4;;11;139,72
0019150;O-tesnilo 11x2,5 NBR;kos;B9-3-4;;284;0,47
0019158;Senzor induktivni M18 PNP;kos;B3-1-9;;47;2,05
0019163;Vijak šestrobi DIN 933 M16x30 INOX A2;kos;B4-1-8;;1265;0,22
0019169;Olje hidravlično HLP 46;l;K2-04-09;L63-3312;311,5;3,43
0019169;Olje hidravlično HLP 46;l;K2-04-09;L79-7573;292,8;3,43
0019174;Olje kompresorsko VDL 220;l;B6-1-6;L66-0965;386,2;3,37
0019174;Olje kompresorsko VDL 220;l;B6-1-6;L69-9988;77,3;3,37
0019176;Podložka DIN 125 M5 pocinkano;kos;K1-01-19;;9157;0,37
0019176;Podložka DIN 125 M5 pocinkano;kos;K1-04-16;;919;0,37
0019178;Mast litijeva EP2;kg;B1-4-7;L08-1770;91;27,91
0019180;Lepilo za navoje nizko trdno 250 ml;kos;K3-01-03;L38-8608;23;9,97
0019183;Podložka DIN 125 M20 črno;kos;K2-03-01;;6009;0,16
0019188;Podložka DIN 125 M6 pocinkano;kos;B7-3-9;;6366;0,04
0019192;Ležaj kroglični 6000-2RS;kos;B7-1-10;;2;6,83
0019197;Olje kompresorsko VDL 100;l;B7-4-9;L68-0347;69,0;7,01
0019197;Olje kompresorsko VDL 100;l;B7-4-9;L64-4726;0;7,01
0019203;Lepilo za navoje nizko trdno 50 ml;kos;B2-3-4;L49-0827;58;28,08
0019203;Lepilo za navoje nizko trdno 50 ml;kos;B2-3-4;L71-8129;80;28,08
0019206;Cev silikonska fi 10 mm;m;B7-3-5;;93,6;1,36
0019214;Mast za ležaje NLGI 2;kg;B8-2-8;L82-6657;103;23,94
0019220;Olje hidravlično HLP 46;l;K3-03-20;L02-7937;118,0;12,91
0019220;Olje hidravlično HLP 46;l;B8-3-8;L14-5211;392,1;12,91
0019220;Olje hidravlično HLP 46;l;B8-3-8;L17-5186;169,1;12,91
0019224;Vijak šestrobi DIN 933 M6x60 INOX A4;kos;K2-04-06;;3845;0,08
0019227;Rokavice zaščitne usnjene vel. 8;par;K3-04-11;;451;9,98
0019234;Matica DIN 934 M12 INOX A4;kos;K3-04-15;;6029;0,17
0019234;Matica DIN 934 M12 INOX A4;kos;K2-02-15;;6328;0,17
0019235;Vijak šestrobi DIN 933 M10x60 INOX A2;kos;K3-03-08;;823;0,48
0019238;Filter zraka H867;kos;B3-2-6;;28;13,41
0019247;Cev silikonska fi 20 mm;m;K2-04-07;;111,0;2,15
0019247;Cev silikonska fi 20 mm;m;B3-2-3;;63,5;2,15
0019250;Trak lepilni rjav 48 mm x 66 m (6 kos);pak;K2-03-14;;64;1,39
0019258;Rokavice zaščitne protiurezne vel. 10;par;B7-4-6;;421;1,38
0019263;Krpe čistilne bombažne (10 kg);pak;B3-3-2;;28;15,01
0019268;Rokavice zaščitne nitril vel. 7;par;B9-5-7;;207;4,79
0019271;Vijak šestrobi DIN 933 M10x100 pocinkano;kos;B6-1-10;;973;0,02
0019276;Senzor induktivni M12 PNP;kos;K2-04-13;;72;0,87
0019285;Matica DIN 934 M6 INOX A2;kos;B2-1-9;;3457;0,02
0019286;Varovalka 25 A gG;kos;B4-2-6;;102;2,35
0019290;Trak lepilni rjav 48 mm x 66 m (6 kos);pak;B7-4-5;;114;1,22
0019299;Ležaj kroglični 6206-2RS;kos;B4-2-6;;40;76,73
0019302;Rokavice zaščitne protiurezne vel. 11;par;K2-01-17;;478;0,74
0019309;Ležaj kroglični 6004-2RS;kos;B5-2-2;;58;56,73
0019316;Rokavice zaščitne nitril vel. 8;par;B2-4-6;;565;9,58
0019323;Podložka DIN 125 M16 črno;kos;B7-2-3;;1318;0,01
0019327;Podložka DIN 125 M6 INOX A2;kos;B4-1-7;;8424;0,28
0019331;Kabel H07RN-F 4x1,5 mm2;m;B2-2-5;;17,2;5,31
0019338;Mast za ležaje NLGI 2;kg;B9-4-3;L89-2686;149;9,53
0019338;Mast za ležaje NLGI 2;kg;B9-4-3;L02-5922;163;9,53
0019338;Mast za ležaje NLGI 2;kg;B9-4-3;L22-0644;138;9,53
0019347;Matica DIN 934 M10 INOX A2;kos;K1-02-09;;1056;0,32
0019355;Olje kompresorsko VDL 32;l;K2-04-04;L74-2123;284,7;5,11
0019355;Olje kompresorsko VDL 32;l;K2-04-04;L09-4077;271,6;5,11
0019355;Olje kompresorsko VDL 32;l;K2-04-04;L78-0973;301,8;5,11
0019356;Relej 230 V AC 2 preklopna kontakta;kos;K2-01-17;;91;13,82
0019358;Podložka DIN 125 M12 črno;kos;K2-04-18;;5726;0,02
0019364;Ležaj kroglični 6305-ZZ;kos;B1-1-10;;57;32,08
0019367;Lepilo za navoje nizko trdno 10 ml;kos;B3-5-7;L39-7767;39;14,71
0019367;Lepilo za navoje nizko trdno 10 ml;kos;B3-5-7;L19-9038;57;14,71
0019374;Mast litijeva EP2;kg;K2-04-20;L49-8302;66;14,19
0019374;Mast litijeva EP2;kg;K2-04-20;L20-5020;176;14,19
0019374;Mast litijeva EP2;kg;K2-04-20;L99-4510;147;14,19
0019379;Cev PE fi 6 mm;m;K3-01-13;;24,0;18,86
0019386;Mast litijeva EP2;kg;K3-02-16;L16-2249;138;7,67
0019386;Mast litijeva EP2;kg;K3-02-16;L99-8279;28;7,67
0019393;O-tesnilo 104x4 EPDM;kos;B1-2-1;;332;0,09
0019402;Filter olja F434;kos;B1-4-3;;3;124,53
0019402;Filter olja F434;kos;B4-2-8;;39;124,53
0019403;Vijak šestrobi DIN 933 M6x25 INOX A4;kos;B5-3-7;;4601;0,10
0019403;Vijak šestrobi DIN 933 M6x25 INOX A4;kos;B1-1-1;;387;0,10
0019409;Mast za ležaje NLGI 2;kg;B5-5-3;L50-1455;28;17,95
0019409;Mast za ležaje NLGI 2;kg;B5-5-3;L61-6814;107;17,95
0019409;Mast za ležaje NLGI 2;kg;B5-5-3;L72-1458;61;17,95
0019410;Podložka DIN 125 M20 INOX A4;kos;B5-2-8;;6707;0,29
0019410;Podložka DIN 125 M20 INOX A4;kos;B1-5-8;;9872;0,29
0019416;Rokavice zaščitne nitril vel. 7;par;B8-5-7;;588;13,31
0019420;Krpe čistilne bombažne (10 kg);pak;B7-1-2;;65;32,58
0019428;Senzor induktivni M8 PNP;kos;B1-4-2;;110;34,96
0019434;Relej 24 V DC 2 preklopna kontakta;kos;B3-4-5;;101;1,87
0019442;O-tesnilo 90x2,5 FKM;kos;B8-4-4;L68-3390;69;0,76
0019444;Kabel LiYCY 5x2,5 mm2;m;B3-5-1;;147,0;3,17
0019447;Folija raztezna 23 my (6 rol);pak;B5-5-2;;38;1,83
0019447;Folija raztezna 23 my (6 rol);pak;B5-3-1;;64;1,83
0019452;Mast za ležaje NLGI 2;kg;B7-4-4;L19-8179;84;7,92
0019455;Matica DIN 934 M8 INOX A2;kos;B2-4-4;;6069;0,04
0019461;Ležaj kroglični 6001-2RS;kos;K3-01-01;;26;35,47
0019464;Rokavice zaščitne nitril vel. 7;par;K1-02-14;;484;14,21
0019464;Rokavice zaščitne nitril vel. 7;par;B5-5-3;;287;14,21
0019473;Rokavice zaščitne protiurezne vel. 8;par;B7-3-9;;322;4,90
0019476;Rokavice zaščitne usnjene vel. 8;par;B9-2-6;;510;6,78
0019482;Lepilo za navoje srednje trdno 50 ml;kos;B2-1-4;L46-9548;40;6,86
0019482;Lepilo za navoje srednje trdno 50 ml;kos;B2-1-4;L99-5299;34;6,86
0019482;Lepilo za navoje srednje trdno 50 ml;kos;B2-1-4;L78-7729;40;6,86
0019487;Mast litijeva EP2;kg;B8-2-6;L34-3010;136;22,37
0019487;Mast litijeva EP2;kg;B8-2-6;L71-3966;76;22,37
0019489;Krpe čistilne bombažne (10 kg);pak;K2-03-15;;109;1,79
0019493;Vijak šestrobi DIN 933 M12x20 črno;kos;B4-5-10;;612;0,20
0019493;Vijak šestrobi DIN 933 M12x20 črno;kos;B3-3-8;;4319;0,20
0019496;Cev PVC fi 25 mm;m;K2-03-01;;99,2;4,28
0019505;Mast litijeva EP2;kg;B9-5-6;L05-5830;47;4,09
0019505;Mast litijeva EP2;kg;B9-5-6;L34-4144;178;4,09
0019505;Mast litijeva EP2;kg;B9-5-6;L88-5015;84;4,09
0019509;Kabel H07RN-F 4x1,5 mm2;m;B2-1-2;;88,9;7,00
0019515;Cev silikonska fi 10 mm;m;K1-03-19;;78,5;2,11
0019518;Lepilo za navoje visoko trdno 250 ml;kos;B5-3-10;L56-9902;78;39,25
0019518;Lepilo za navoje visoko trdno 250 ml;kos;B5-3-10;L35-5770;49;39,25
0019525;O-tesnilo 120x2,5 NBR;kos;B1-3-10;;277;0,93
0019534;Kabel H05VV-F 3x1,5 mm2;m;B5-4-10;;279,8;2,95
0019537;Matica DIN 934 M5 črno;kos;B6-5-5;;2368;0,20
0019546;Filter hidravlični H734;kos;K3-04-17;;24;61,08
0019554;Podložka DIN 125 M12 črno;kos;B8-1-7;;8592;0,03
0019556;Trak lepilni rjav 48 mm x 66 m (6 kos);pak;K2-04-08;;115;2,20
0019556;Trak lepilni rjav 48 mm x 66 m (6 kos);pak;K1-02-04;;10;2,20
0019559;O-tesnilo 72x4 NBR;kos;K1-01-13;;173;1,05
0019568;O-tesnilo 38x2,5 NBR;kos;B5-2-2;;86;1,93
0019577;Cev PVC fi 6 mm;m;B1-4-1;;89,9;1,46
0019586;Matica DIN 934 M5 INOX A2;kos;K2-02-02;;2857;0,16
0019587;Trak lepilni rjav 48 mm x 66 m (6 kos);pak;K2-03-17;;14;14,46
0019595;Mast silikonska;kg;K2-03-04;L27-2785;57;4,45
0019595;Mast silikonska;kg;K2-03-04;L76-0849;96;4,45
0019597;Rokavice zaščitne protiurezne vel. 9;par;B1-3-2;;22;7,55
0019603;Ležaj kroglični 6002-ZZ;kos;B3-3-5;;6;3,74
0019604;Ležaj kroglični 6206-2RS;kos;B7-2-5;;23;58,44
0019606;Ležaj kroglični 6204-2RS;kos;B7-4-6;;55;23,28
0019615;Varovalka 2 A gG;kos;K1-02-03;;88;35,16
0019624;Mast litijeva EP2;kg;K1-01-01;L58-8039;154;9,39
0019624;Mast litijeva EP2;kg;K1-01-01;L55-1240;63;9,39
0019624;Mast litijeva EP2;kg;K1-01-01;L56-8299;62;9,39
0019625;Varovalka 2 A gG;kos;K1-01-12;;86;2,59
0019632;Krpe čistilne bombažne (10 kg);pak;B4-5-1;;15;2,69
0019634;Cev PE fi 10 mm;m;B1-5-4;;50,1;2,94
0019642;Mast litijeva EP2;kg;K2-02-08;L62-9145;2;11,19
0019642;Mast litijeva EP2;kg;K2-02-08;L04-6173;64;11,19
0019642;Mast litijeva EP2;kg;K2-02-08;L57-4384;134;11,19
0019644;Cev PE fi 12 mm;m;B9-3-3;;128,6;1,00
0019652;Kabel H07RN-F 3x2,5 mm2;m;B7-1-7;;306,8;2,52
0019654;Vijak šestrobi DIN 933 M8x80 pocinkano;kos;B1-1-9;;1758;0,04
0019661;Podložka DIN 125 M5 INOX A4;kos;K1-01-15;;3866;0,10
0019667;Filter zraka F689;kos;B9-3-9;;39;19,72
0019668;Lepilo za navoje srednje trdno 10 ml;kos;B6-4-5;L21-5031;35;16,62
0019668;Lepilo za navoje srednje trdno 10 ml;kos;B6-4-5;L78-0782;45;16,62
0019668;Lepilo za navoje srednje trdno 10 ml;kos;B6-4-5;L35-7845;31;16,62
0019674;Olje kompresorsko VDL 100;l;K1-01-15;L21-8230;397,4;3,29
0019681;Filter hidravlični P222;kos;B6-3-8;;3;69,27
0019685;O-tesnilo 31x4 EPDM;kos;K1-04-10;;231;1,71
0019691;Olje hidravlično HLP 220;l;K1-02-17;L76-8104;294,8;4,02
0019691;Olje hidravlično HLP 220;l;K1-02-17;L09-1570;0;4,02
0019692;Lepilo za navoje srednje trdno 50 ml;kos;B9-3-10;L18-4094;51;8,85
0019695;Kabel LiYCY 7x1,5 mm2;m;B6-2-9;;191,5;0,65
0019695;Kabel LiYCY 7x1,5 mm2;m;B2-2-10;;292,7;0,65
0019703;Mast litijeva EP2;kg;B2-2-8;L35-3344;177;4,07
0019703;Mast litijeva EP2;kg;B2-2-8;L85-7142;70;4,07
0019703;Mast litijeva EP2;kg;B2-2-8;L24-1098;56;4,07
0019706;O-tesnilo 52x2 EPDM;kos;K1-03-05;;78;1,07
0019706;O-tesnilo 52x2 EPDM;kos;K3-02-01;L81-3858;243;1,07
0019706;O-tesnilo 52x2 EPDM;kos;K3-02-01;L54-2493;378;1,07
0019715;Mast litijeva EP2;kg;K2-03-19;L21-4958;21;21,37
0019723;Vezice kabelske 4,8x200 mm (100 kos);pak;B1-2-5;;83;17,44
0019727;Podložka DIN 125 M16 pocinkano;kos;B2-1-3;;8715;0,01
0019734;Matica DIN 934 M16 INOX A2;kos;K2-02-10;;559;0,01
0019734;Matica DIN 934 M16 INOX A2;kos;B9-1-9;;387;0,01
0019735;Lepilo za navoje visoko trdno 10 ml;kos;B3-4-9;L70-2070;70;13,19
0019735;Lepilo za navoje visoko trdno 10 ml;kos;B3-4-9;L16-0166;2;13,19
0019741;Mast za ležaje NLGI 2;kg;B2-5-9;L29-9795;145;15,61
0019741;Mast za ležaje NLGI 2;kg;B2-5-9;L45-3817;7;15,61
0019741;Mast za ležaje NLGI 2;kg;K1-03-17;L92-1717;23;15,61
0019745;Filter zraka P562;kos;B5-1-10;;33;8,86
0019745;Filter zraka P562;kos;K2-02-04;;25;8,86
0019753;Podložka DIN 125 M6 pocinkano;kos;B7-3-4;;4676;0,01
0019760;Filter zraka H213;kos;B2-3-1;;0;33,35
0019765;O-tesnilo 36x3 NBR;kos;B5-4-1;L47-7332;78;4,21
0019765;O-tesnilo 36x3 NBR;kos;B7-1-9;L94-5625;0;4,21
0019765;O-tesnilo 36x3 NBR;kos;B7-1-9;L57-7017;114;4,21
0019770;Filter zraka F850;kos;B1-2-8;;29;105,07
0019778;Podložka DIN 125 M16 pocinkano;kos;K3-03-07;;3780;0,02
0019781;Mast za ležaje NLGI 2;kg;B7-1-8;L15-7724;174;4,78
0019784;O-tesnilo 49x2,5 EPDM;kos;B1-4-8;L59-9281;168;0,71
0019784;O-tesnilo 49x2,5 EPDM;kos;B1-4-8;L61-5814;279;0,71
0019784;O-tesnilo 49x2,5 EPDM;kos;B1-4-8;L87-6963;51;0,71
0019784;O-tesnilo 49x2,5 EPDM;kos;B3-4-5;L93-8276;212;0,71
0019784;O-tesnilo 49x2,5 EPDM;kos;B3-4-5;L15-3966;364;0,71
0019789;Senzor induktivni M12 PNP;kos;K1-04-17;;119;22,45
0019796;Vijak šestrobi DIN 933 M4x50 INOX A4;kos;K1-04-14;;4616;0,08
0019798;Lepilo za navoje srednje trdno 250 ml;kos;K2-03-11;L95-8321;7;6,41
0019798;Lepilo za navoje srednje trdno 250 ml;kos;K2-03-11;L97-1997;68;6,41
0019802;Cev PU fi 10 mm;m;B6-4-6;;56,3;10,80
0019810;Vijak šestrobi DIN 933 M6x12 INOX A2;kos;B7-3-7;;129;0,26
0019813;Matica DIN 934 M6 INOX A2;kos;B4-1-2;;2793;0,28
0019814;Ležaj kroglični 6004-2RS;kos;K2-01-02;;46;4,28
0019814;Ležaj kroglični 6004-2RS;kos;B8-4-6;;38;4,28
0019816;Lepilo za navoje srednje trdno 10 ml;kos;K2-03-12;L58-1724;52;16,98
0019817;Vijak šestrobi DIN 933 M5x35 INOX A2;kos;K1-03-17;;4817;0,80
0019817;Vijak šestrobi DIN 933 M5x35 INOX A2;kos;B5-1-7;;4778;0,80
0019825;Relej 230 V AC 2 preklopna kontakta;kos;B2-4-5;;141;1,84
0019832;Mast za ležaje NLGI 2;kg;B1-3-4;L61-9196;176;9,59
0019832;Mast za ležaje NLGI 2;kg;B1-3-4;L57-0132;112;9,59
0019832;Mast za ležaje NLGI 2;kg;B1-3-4;L90-2278;25;9,59
0019832;Mast za ležaje NLGI 2;kg;K3-01-02;L46-9973;22;9,59
0019834;Olje hidravlično HLP 68;l;K3-03-12;L35-4946;58,9;3,02
0019834;Olje hidravlično HLP 68;l;K3-03-12;L51-9098;395,3;3,02
0019839;Podložka DIN 125 M4 INOX A2;kos;K3-04-11;;5407;0,10
0019843;O-tesnilo 57x3 NBR;kos;K2-03-19;;302;0,48
0019848;Krpe čistilne bombažne (10 kg);pak;B2-1-5;;113;5,15
0019848;Krpe čistilne bombažne (10 kg);pak;B2-5-8;;0;5,15
0019851;Kontaktor 4 kW 230 V;kos;B6-5-6;;101;5,46
0019854;Vijak šestrobi DIN 933 M12x50 pocinkano;kos;B3-4-10;;2986;0,19
0019858;Cev PE fi 8 mm;m;K1-01-16;;33,6;18,70
0019860;Filter hidravlični F664;kos;B3-2-9;;21;51,73
0019860;Filter hidravlični F664;kos;B9-3-9;;0;51,73
0019867;Matica DIN 934 M4 pocinkano;kos;B2-1-7;;540;0,08
0019869;Podložka DIN 125 M8 INOX A2;kos;B4-3-10;;7099;0,05
0019869;Podložka DIN 125 M8 INOX A2;kos;B5-1-6;;581;0,05
0019874;Olje kompresorsko VDL 68;l;B9-5-6;L62-4058;317,1;2,56
0019879;O-tesnilo 53x1,5 FKM;kos;K1-01-01;;329;1,12
0019884;Cev PVC fi 6 mm;m;B1-1-8;;129,1;6,29
0019888;Kontaktor 11 kW 230 V;kos;B2-4-6;;44;2,37
0019891;Kabel NYM-J 5x4 mm2;m;K3-04-15;;4,1;4,29
0019900;Cev silikonska fi 20 mm;m;B9-1-10;;57,5;17,73
0019902;Lepilo za navoje visoko trdno 50 ml;kos;B6-3-7;L00-8514;11;33,42
0019902;Lepilo za navoje visoko trdno 50 ml;kos;B6-3-7;L03-6965;75;33,42
0019903;Rokavice zaščitne nitril vel. 9;par;B3-2-2;;589;0,63
0019911;O-tesnilo 23x2 NBR;kos;B5-2-5;;219;0,28
0019918;Olje hidravlično HLP 32;l;K3-03-03;L66-6683;308,6;3,39
0019918;Olje hidravlično HLP 32;l;K3-03-03;L27-2386;147,1;3,39
0019923;Lepilo za navoje srednje trdno 10 ml;kos;B6-4-4;L56-2422;16;42,35
0019923;Lepilo za navoje srednje trdno 10 ml;kos;B6-4-4;L01-0276;79;42,35
0019923;Lepilo za navoje srednje trdno 10 ml;kos;B6-4-4;L21-2679;26;42,35
0019932;Olje hidravlično HLP 150;l;K3-04-15;L69-2786;278,3;3,37
0019932;Olje hidravlično HLP 150;l;K3-04-15;L87-6532;118,7;3,37
0019941;Folija raztezna 23 my (6 rol);pak;B6-4-4;;3;13,80
